Workbook

Sheet COVER
A1: PROJECT QUALITY PLAN (PQP)
A2: SaunaLounge — 45 South 3rd Street, Ground Floor, Brooklyn NY 11249
A3: Project-Specific QA/QC, Special Inspection & Statutory Sign-Off Plan
A5: A1 — PROJECT OVERVIEW
A6: Project Name | B6: SaunaLounge
A7: Project Location | B7: 45 South 3rd Street, Ground Floor, Brooklyn, NY 11249 — within The 360 Wythe Condominium
A8: Project Type | B8: Ground-floor interior tenant fitout — 5,783 SF wellness / spa (sauna, cold plunge, pool, locker rooms, lounge, bar, kitchen)
A9: Owner / Client | B9: Saunalounge, LLC (Teal Development / JLKing Consulting) | C9: Client Rep: Jeffrey Aser, Teal Development Partners — 914.319.7493, jeff@tealdevelopment.com
A10: Landlord / Condominium | B10: FREEWYTHE, LLC | The 360 Wythe Condominium Board of Managers
A11: Construction Manager | B11: Affect Build, LLC — 389 5th Avenue, Suite 504, New York, NY 10016
A12: Contract Type | B12: AIA Document A104™–2017, Standard Abbreviated Form, Exhibits A–I
A13: Contract Sum | B13: $3,526,451.50 (incl. $247,968.00 Limited Work / early-release HVAC)
A14: Contract Executed | B14: Owner 6/19/2026 | Contractor 6/22/2026
A15: Project Duration | B15: 6/19/2026 – 1/6/2027 (144 calendar days; 3 weeks preconstruction + 26 weeks on site)
A16: Target Substantial Completion | B16: 46377
A17: Affect Build Job Number
A18: DOB Job / Filing Number
A20: PROJECT QUALITY TEAM (Q-TEAM)
A21: Project Manager | B21: Illeana Aguire | C21: QA owner: ensures submittals / shop drawings approved prior to procurement and installation; engages testing and inspection agencies; issues NCRs
A22: Site Superintendent | B22: Nicholas Scarmacca | C22: QC owner in the field: on-site QC lead; coordinates inspections 48–72 hrs in advance; verifies readiness; maintains the inspector sign-in log
A23: Assistant Project Manager | B23: Hugh McDonagh | C23: Maintains submittal, ITP and inspection registers in Procore; tracks report receipt and closure
A24: Director of Construction | B24: Enda Forrey | C24: Accountability: verifies benchmarks are established and documented, quality records maintained and procedures followed; escalation point for repeat deficiencies
A25: Architect of Record | B25: Colberg Architecture | C25: Required at First Work Review for Tier 3 / Tier 4 DFOWs
A26: MEP / FP Engineer | B26: Collectif | C26: TR8 mechanical / energy code special inspections
A27: Special Inspections Agency | B27: CodeGreen Inspection (CGI) | C27: TR1 / TR2 / TR3 / TR8 · Matrix ref. 2026-0401 · 12 budgeted site visits · allow min. 2–3 days to schedule
A28: Testing Laboratory | C28: Concrete testing — to be engaged; enter laboratory name
A29: Commissioning Agent | C29: Owner's CA if appointed
A30: Owner's Separate Trades | B30: Pool shell, sauna assemblies, cold plunge basin (Contract §12.4) | C30: Affect Build provides rough-in, coordination and finish trades only; inspects its own interfaces
A32: GOVERNING DOCUMENTS & HIERARCHY
A33: 1 | B33: Contract Documents — AIA A104–2017 and Exhibits A–I | C33: Order of precedence per CMP §2.2
A34: 2 | B34: Vision Zero QA/QC Playbook v2.0 (governing quality document) | C34: Supersedes all prior QA/QC guidance
A35: 3 | B35: Construction Management Plan — SaunaLounge (DRAFT) | C35: Sections 7, 8, 9, 12, 19, 20
A36: 4 | B36: Affect Trainual SOPs — Quality Management; Submittals & Inspections | C36: Read alongside the Playbook
A37: 5 | B37: NYC Building Code Chapter 17 (Special Inspections) and Chapter 33 | C37: TR1 / TR8 filings via DOB NOW
A38: 6 | B38: NYC DOH Pool / Spa requirements; FDNY rules; NFPA 13 and NFPA 72 | C38: Life safety and pool sign-off
A40: QUALITY FRAMEWORK — HOW THIS WORKBOOK IS USED
A41: Four Phases of Control | B41: Every DFOW: Phase 1 Preparatory → Phase 2 Work Readiness → Phase 3 First Work Review → Phase 4 Follow-Up | C41: Tracked on the DFOW Risk Register
A42: DFOW Risk Tiers | B42: Tier 4 Critical (daily follow-up, dual sign-off) · Tier 3 High (every other day, A/E at First Work Review) · Tier 2 Moderate (weekly) · Tier 1 Low (at completion) | C42: Tier drives inspection intensity
A43: Hold vs Witness Points | B43: HOLD — work stops until signed off, no exceptions. WITNESS — 48 hrs notice; work may proceed if witness does not attend after written notice | C43: Defined per test on the ITP
A44: Benchmark Hold Points (CMP §8.4) | B44: Pre-cover before drywall · Waterproofing before backfill at pool equipment room · Above-ceiling before tile / grid close-up · Interface at Owner's pool / sauna assemblies | C44: Non-negotiable
A45: Non-Conformance | B45: Seven-step NCR process; NCRs closed before the next progress billing is approved | C45: NCR Log tab
A46: Punch | B46: Four phases: Trade Self-Punch → Affect Build Review → Owner / A/E Walk → Back Punch. Zero Punch is the objective | C46: Punch & RCL Log tab
A47: System of Record | B47: Procore is the mandatory system of record. This workbook is the project control and reporting mirror | C47: Playbook Quality Policy
A49: WORKBOOK CONTENTS
A50: DASHBOARD | B50: Single-page roll-up of all Quality, Special and Statutory inspection status
A51: DFOW Risk Register | B51: 32 SaunaLounge DFOWs with risk tier, hold points, special inspection requirement and phase tracking
A52: ITP | B52: Inspection & Testing Plan — 31 tests with acceptance criteria and Hold / Witness designation
A53: Path to TCO | B53: 45 sequenced statutory gates from permit issuance to Certificate of Occupancy
A54: Path to Fire Alarm | B54: 23-step FDNY Letter of Approval pathway
A55: Statutory Inspections | B55: DOB · FDNY · DOH · DEP · Con Edison / National Grid inspection and approval log
A56: Special Inspections | B56: NYC BC Chapter 17 — TR1 / TR2 / TR3 / TR8 log with hold points and report tracking | C56: CodeGreen (CGI) budgeted programme block at rows 48-60
A57: Inspector Sign-In | B57: Mandatory physical inspector sign-in log (digital mirror)
A58: Commissioning | B58: Equipment-by-equipment start-up, FPT, TAB, training and turnover matrix
A59: Submittals & Mockups | B59: Submittal, sample and mock-up register including 8 project mock-ups
A60: Checklist / Sample Size | B60: Existing DFOW checklist matrix and ANSI/ASQ inspection sample size chart
A61: NCR Log | B61: Observation / Non-Conformance Report log — seven-step process
A62: Punch & RCL Log | B62: Punch list and Rolling Completion List with aging escalation
A63: Trade QC Checklists | B63: 26 project-specific trade checklist tabs, each with Q-Team sign-off block
A64: DOH Checklist | B64: NYC DOHMH first-pass compliance checklist — 101 items across pool/spa (NYS Subpart 6-1, Health Code Art. 165) and food service (Art. 81), with responsibility split against Owner's Separate Trades

Sheet DASHBOARD
A1: QA/QC MASTER TRACKER — SAUNALOUNGE, 45 SOUTH 3RD STREET
A2: Comprehensive roll-up of Quality, Special and Statutory inspections. All figures are live formulas driven by the register tabs — update the registers, not this page.
A4: A. PROGRAMME READINESS — STATUTORY, SPECIAL & QUALITY REGISTERS
A5: Register | B5: Total | C5: Complete / Passed | D5: Open / Outstanding | E5: Failed / Blocked | F5: % Complete | G5: Where to update
A6: Path to TCO — statutory gates | B6: ='Path to TCO'!E4 -> 46 | C6: ='Path to TCO'!G4 -> 0 | D6: ='Path to TCO'!I4 -> 46 | E6: =COUNTIF('Path to TCO'!I9:I70,"Blocked") -> 0 | F6: ='Path to TCO'!K4 -> 0 | G6: Path to TCO tab
A7: Path to Fire Alarm — FDNY LOA steps | B7: =COUNTA('Path to Fire Alarm'!A8:A30) -> 23 | C7: =COUNTIF('Path to Fire Alarm'!H8:H30,"Complete") -> 0 | D7: =B7-C7 -> 23 | E7: =COUNTIF('Path to Fire Alarm'!H8:H30,"Failed - Re-test")+COUNTIF('Path to Fire Alarm'!H8:H30,"Blocked") -> 0 | F7: =IF(B7=0,0,C7/B7) -> 0 | G7: Path to Fire Alarm tab
A8: Statutory inspections & agency approvals | B8: ='Statutory Inspections'!B4 -> 24 | C8: =COUNTIF('Statutory Inspections'!M7:M40,"Closed") -> 0 | D8: =B8-C8 -> 24 | E8: ='Statutory Inspections'!F4 -> 0 | F8: =IF(B8=0,0,C8/B8) -> 0 | G8: Statutory Inspections tab
A9: Special inspections (NYC BC Ch.17 — TR forms) | B9: ='Special Inspections'!B4 -> 36 | C9: =COUNTIF('Special Inspections'!P7:P45,"Closed") -> 0 | D9: =B9-C9 -> 36 | E9: ='Special Inspections'!F4 -> 0 | F9: =IF(B9=0,0,C9/B9) -> 0 | G9: Special Inspections tab
A10: ITP — tests & inspections | B10: =COUNTA(ITP!A5:A35) -> 31 | C10: =COUNTIF(ITP!L5:L35,"Pass") -> 0 | D10: =B10-C10 -> 31 | E10: =COUNTIF(ITP!L5:L35,"Fail") -> 0 | F10: =IF(B10=0,0,C10/B10) -> 0 | G10: ITP tab
A11: Commissioning & turnover — systems accepted | B11: =Commissioning!B4 -> 38 | C11: =COUNTIF(Commissioning!P7:P50,"Accepted") -> 0 | D11: =B11-C11 -> 38 | E11: =COUNTIF(Commissioning!J7:J50,"Fail") -> 0 | F11: =IF(B11=0,0,C11/B11) -> 0 | G11: Commissioning tab
A12: Submittals, samples & mock-ups | B12: ='Submittals & Mockups'!B4 -> 39 | C12: ='Submittals & Mockups'!D4 -> 0 | D12: ='Submittals & Mockups'!I4 -> 39 | E12: ='Submittals & Mockups'!G4 -> 0 | F12: =IF(B12=0,0,C12/B12) -> 0 | G12: Submittals & Mockups tab
A13: DFOW register — Phase 4 follow-up complete | B13: =COUNTA('DFOW Risk Register'!A5:A36) -> 32 | C13: =COUNTIF('DFOW Risk Register'!P5:P36,"Complete") -> 0 | D13: =B13-C13 -> 32 | E13: 0 | F13: =IF(B13=0,0,C13/B13) -> 0 | G13: DFOW Risk Register tab
A14: Trade QC checklists — line items | B14: =$D$59 -> 625 | C14: =$E$59 -> 0 | D14: =B14-C14 -> 625 | E14: =$F$59 -> 0 | F14: =IF(B14=0,0,C14/B14) -> 0 | G14: 26 trade checklist tabs
A15: DOH compliance checklist (pool / spa + Article 81 food service) | B15: ='DOH Checklist'!B4 -> 101 | C15: ='DOH Checklist'!D4 -> 0 | D15: ='DOH Checklist'!F4 -> 101 | E15: =COUNTIF('DOH Checklist'!F7:F130,"Query Raised") -> 0 | F15: ='DOH Checklist'!J4 -> 0 | G15: DOH Checklist tab — first pass; numeric criteria require confirmation by the Owner's DOH consultant
A16: B. CRITICAL DATES & QUALITY EXCEPTIONS
A17: Metric | B17: Value | G17: Standard / Action
A18: Target Substantial Completion | B18: ='Path to TCO'!C4 -> 46377 | G18: Per Exhibit E — CMP §2.1
A19: Calendar days remaining to Substantial Completion | B19: =B18-TODAY() -> 129 | G19: Live countdown
A20: Latest permissible FDNY fire alarm witness test date | B20: ='Path to Fire Alarm'!H4 -> 46363 | G20: CMP §20.1 — minimum 2 weeks before SC to allow re-tests
A21: TCO readiness | B21: ='Path to TCO'!K4 -> 0 | G21: All gates must reach Complete before TCO filing
A22: Open NCRs / corrective actions | B22: ='NCR Log'!D4 -> 0 | G22: Target ZERO. NCRs must close before the next progress billing is approved
A23: NCRs past target close date | B23: ='NCR Log'!H4 -> 0 | G23: Escalate: 3-5 working days standard; Tier 4 within 72 hours
A24: Average days to close an NCR | B24: ='NCR Log'!K4 -> — | G24: Tracked weekly at Q-Team meeting
A25: Open punch / RCL items | B25: ='Punch & RCL Log'!D4 -> 0 | G25: Zero Punch is the objective (Playbook A9)
A26: Open punch items with life-safety / occupancy impact | B26: ='Punch & RCL Log'!I4 -> 0 | G26: Correct within 48 hours
A27: Punch items aged over 7 days | B27: ='Punch & RCL Log'!L4 -> 0 | G27: Beyond 5 days escalate to trade PM; beyond 7 days to trade executive
A28: Inspector sign-in entries recorded | B28: =COUNTA('Inspector Sign-In'!A5:A120) -> 0 | G28: Mandatory for every DOB / FDNY / DOH / SIA / lab visit
A29: Tier 3 & Tier 4 DFOWs (elevated control) | B29: =COUNTIF('DFOW Risk Register'!C5:C36,4)+COUNTIF('DFOW Risk Register'!C5:C36,3) -> 17 | G29: Daily / every-other-day follow-up required
A30: CodeGreen (CGI) budgeted special inspection visits remaining | B30: ='Special Inspections'!G60 -> 12 | G30: 12 visits budgeted per CGI matrix 2026-0401. Log each visit used on the Special Inspections tab (row 50-59)
A31: C. TRADE QC CHECKLIST ROLL-UP — 26 PROJECT-SPECIFIC CHECKLISTS
A32: Trade Checklist Tab | B32: DFOW Ref | C32: Risk Tier | D32: Checklist Items | E32: Pass | F32: Fail | G32: % Complete
A33: Excavation | B33: D-08 | C33: 3 | D33: =Excavation!D6 -> 19 | E33: =Excavation!F6 -> 0 | F33: =Excavation!H6 -> 0 | G33: =IF($D33=0,0,Excavation!J6) -> 0
A34: Concrete Formwork | B34: D-07 | C34: 3 | D34: ='Concrete Formwork'!D6 -> 25 | E34: ='Concrete Formwork'!F6 -> 0 | F34: ='Concrete Formwork'!H6 -> 0 | G34: =IF($D34=0,0,'Concrete Formwork'!J6) -> 0
A35: Conc Reinforcement | B35: D-07 | C35: 3 | D35: ='Conc Reinforcement'!D6 -> 26 | E35: ='Conc Reinforcement'!F6 -> 0 | F35: ='Conc Reinforcement'!H6 -> 0 | G35: =IF($D35=0,0,'Conc Reinforcement'!J6) -> 0
A36: CIP Concrete | B36: D-07 | C36: 3 | D36: ='CIP Concrete'!D6 -> 28 | E36: ='CIP Concrete'!F6 -> 0 | F36: ='CIP Concrete'!H6 -> 0 | G36: =IF($D36=0,0,'CIP Concrete'!J6) -> 0
A37: Precast Concrete | B37: D-07 | C37: 3 | D37: ='Precast Concrete'!D6 -> 21 | E37: ='Precast Concrete'!F6 -> 0 | F37: ='Precast Concrete'!H6 -> 0 | G37: =IF($D37=0,0,'Precast Concrete'!J6) -> 0
A38: Unit Masonry | B38: D-19 | C38: 2 | D38: ='Unit Masonry'!D6 -> 31 | E38: ='Unit Masonry'!F6 -> 0 | F38: ='Unit Masonry'!H6 -> 0 | G38: =IF($D38=0,0,'Unit Masonry'!J6) -> 0
A39: Metal Deck | B39: D-18 | C39: 2 | D39: ='Metal Deck'!D6 -> 30 | E39: ='Metal Deck'!F6 -> 0 | F39: ='Metal Deck'!H6 -> 0 | G39: =IF($D39=0,0,'Metal Deck'!J6) -> 0
A40: Slab on Grade | B40: D-07 | C40: 3 | D40: ='Slab on Grade'!D6 -> 19 | E40: ='Slab on Grade'!F6 -> 0 | F40: ='Slab on Grade'!H6 -> 0 | G40: =IF($D40=0,0,'Slab on Grade'!J6) -> 0
A41: Slab on Deck | B41: D-07 | C41: 3 | D41: ='Slab on Deck'!D6 -> 13 | E41: ='Slab on Deck'!F6 -> 0 | F41: ='Slab on Deck'!H6 -> 0 | G41: =IF($D41=0,0,'Slab on Deck'!J6) -> 0
A42: Waterproofing | B42: D-01 / D-02 | C42: 4 | D42: =Waterproofing!D6 -> 27 | E42: =Waterproofing!F6 -> 0 | F42: =Waterproofing!H6 -> 0 | G42: =IF($D42=0,0,Waterproofing!J6) -> 0
A43: Drywall Framing | B43: D-18 | C43: 2 | D43: ='Drywall Framing'!D6 -> 28 | E43: ='Drywall Framing'!F6 -> 0 | F43: ='Drywall Framing'!H6 -> 0 | G43: =IF($D43=0,0,'Drywall Framing'!J6) -> 0
A44: Drywall Board | B44: D-20 | C44: 2 | D44: ='Drywall Board'!D6 -> 28 | E44: ='Drywall Board'!F6 -> 0 | F44: ='Drywall Board'!H6 -> 0 | G44: =IF($D44=0,0,'Drywall Board'!J6) -> 0
A45: Firestopping | B45: D-15 | C45: 3 | D45: =Firestopping!D6 -> 22 | E45: =Firestopping!F6 -> 0 | F45: =Firestopping!H6 -> 0 | G45: =IF($D45=0,0,Firestopping!J6) -> 0
A46: Metal Frames | B46: D-21 | C46: 2 | D46: ='Metal Frames'!D6 -> 17 | E46: ='Metal Frames'!F6 -> 0 | F46: ='Metal Frames'!H6 -> 0 | G46: =IF($D46=0,0,'Metal Frames'!J6) -> 0
A47: Metal Doors | B47: D-21 | C47: 2 | D47: ='Metal Doors'!D6 -> 25 | E47: ='Metal Doors'!F6 -> 0 | F47: ='Metal Doors'!H6 -> 0 | G47: =IF($D47=0,0,'Metal Doors'!J6) -> 0
A48: Doors & Hardware | B48: D-21 | C48: 2 | D48: ='Doors & Hardware'!D6 -> 22 | E48: ='Doors & Hardware'!F6 -> 0 | F48: ='Doors & Hardware'!H6 -> 0 | G48: =IF($D48=0,0,'Doors & Hardware'!J6) -> 0
A49: Tile & Stone | B49: D-14 | C49: 3 | D49: ='Tile & Stone'!D6 -> 24 | E49: ='Tile & Stone'!F6 -> 0 | F49: ='Tile & Stone'!H6 -> 0 | G49: =IF($D49=0,0,'Tile & Stone'!J6) -> 0
A50: Resilient Flooring | B50: D-27 | C50: 2 | D50: ='Resilient Flooring'!D6 -> 28 | E50: ='Resilient Flooring'!F6 -> 0 | F50: ='Resilient Flooring'!H6 -> 0 | G50: =IF($D50=0,0,'Resilient Flooring'!J6) -> 0
A51: ACT Ceilings | B51: D-25 | C51: 2 | D51: ='ACT Ceilings'!D6 -> 20 | E51: ='ACT Ceilings'!F6 -> 0 | F51: ='ACT Ceilings'!H6 -> 0 | G51: =IF($D51=0,0,'ACT Ceilings'!J6) -> 0
A52: Millwork & Casework | B52: D-16 | C52: 3 | D52: ='Millwork & Casework'!D6 -> 24 | E52: ='Millwork & Casework'!F6 -> 0 | F52: ='Millwork & Casework'!H6 -> 0 | G52: =IF($D52=0,0,'Millwork & Casework'!J6) -> 0
A53: Painting | B53: D-28 | C53: 1 | D53: =Painting!D6 -> 19 | E53: =Painting!F6 -> 0 | F53: =Painting!H6 -> 0 | G53: =IF($D53=0,0,Painting!J6) -> 0
A54: Electrical | B54: D-05 | C54: 4 | D54: =Electrical!D6 -> 25 | E54: =Electrical!F6 -> 0 | F54: =Electrical!H6 -> 0 | G54: =IF($D54=0,0,Electrical!J6) -> 0
A55: Plumbing | B55: D-06 / D-13 | C55: 4 | D55: =Plumbing!D6 -> 26 | E55: =Plumbing!F6 -> 0 | F55: =Plumbing!H6 -> 0 | G55: =IF($D55=0,0,Plumbing!J6) -> 0
A56: HVAC & Ductwork | B56: D-10 / D-11 | C56: 3 | D56: ='HVAC & Ductwork'!D6 -> 26 | E56: ='HVAC & Ductwork'!F6 -> 0 | F56: ='HVAC & Ductwork'!H6 -> 0 | G56: =IF($D56=0,0,'HVAC & Ductwork'!J6) -> 0
A57: Fire Sprinkler | B57: D-04 | C57: 4 | D57: ='Fire Sprinkler'!D6 -> 24 | E57: ='Fire Sprinkler'!F6 -> 0 | F57: ='Fire Sprinkler'!H6 -> 0 | G57: =IF($D57=0,0,'Fire Sprinkler'!J6) -> 0
A58: Fire Alarm | B58: D-03 | C58: 4 | D58: ='Fire Alarm'!D6 -> 28 | E58: ='Fire Alarm'!F6 -> 0 | F58: ='Fire Alarm'!H6 -> 0 | G58: =IF($D58=0,0,'Fire Alarm'!J6) -> 0
A59: TOTAL — ALL TRADE CHECKLISTS | D59: =SUM(D33:D58) -> 625 | E59: =SUM(E33:E58) -> 0 | F59: =SUM(F33:F58) -> 0 | G59: =IF($D$59=0,0,$E$59/$D$59) -> 0

Sheet Project Identifiers
A1: SAUNALOUNGE — PROJECT IDENTIFIERS & Q-TEAM RESPONSIBILITY MATRIX
A2: 45 South 3rd Street, Ground Floor, Brooklyn NY 11249 | Affect Build, LLC | Precon tool used to fix roles and responsibilities of the Q-Team. The Q-Team then collaboratively populates the QA activity matrix below, which drives the Checklist, NCR, Control Samples, Mock-Ups, Punchlist Walks and Monthly QA Reviews.
A4: A. Q-TEAM MEMBERS & RESPONSIBILITIES
A5: Role | B5: Name
A6: Project Manager | B6: Illeana Aguire
A7: Site Superintendent | B7: Nicholas Scarmacca
A8: Assistant Project Manager | B8: Hugh McDonagh
A9: Director of Construction | B9: Enda Forrey
A11: B. QA/QC ACTIVITY & GOVERNANCE MATRIX
A12: Type | B12: Requirement | C12: Tool / Format | D12: Sign-Off | E12: Stored Where
A13: First Delivery Inspection | B13: HVAC equipment (RT-1, PDU-1, ERV-1/2, AC-1 to AC-5) Switchgear & panels (SWBD-1, MP-1, KP-1, LP-1, RP-1) Rheem tankless water heaters + ST-120 tank Waterproofing membrane system Tile & stone (TL-1, TL-2, TL-3) Millwork & casework Doors, frames & hardware Sprinkler heads (87) Fire alarm devices (FACP / RAN) ACT ceiling panels & grid Plumbing fixtures (incl. Kohler substitution) Lighting fixtures & controls Glass block Wood flooring | C13: Procore Inspection Checklist | D13: Superintendent / Trade Partner | E13: Procore — Inspections
A14: Benchmark Inspection | B14: Wet-area waterproofing (locker rooms, showers, pool deck) Waterproofing interface at Owner's pool / sauna assemblies Pool equipment room slab & CIP concrete Metal stud framing (barrel vault, soffits) GWB Level 5 skim finish Tile & stone (each type) Polished / sealed concrete at BOH Firestopping (typical rated penetration) Millwork (locker unit, reception desk) Doors & hardware Painting & wall coverings ACT ceiling grid MEP rough-in (pre-cover) Above-ceiling close-up | C14: Procore Inspection + Benchmark Form | D14: Q-Team / Trade Partner | E14: Procore — Benchmarks / PDF binder
A15: Mock-Up Review | B15: Tile & stone — pool deck / shower assembly with waterproofing transition GWB Level 5 skim finish panel Locker unit & reception desk first article Polished / sealed concrete floor sample (BOH) Paint & wall covering sample area Glass block wall panel Firestopping typical UL penetration Wood flooring accent panel (pool / lounge) | C15: In-field physical sample + photo log | D15: Q-Team / Architect / Client Rep | E15: Onsite + Procore Photo Documentation
A16: Non-Conformance Report (NCR) | B16: Documented deviation from plans/specs or unacceptable workmanship | C16: Procore Observations Tool | D16: Superintendent / PM | E16: Procore — Observations
A17: Control Samples | B17: Keep one sample of each approved material onsite | C17: Stored physically in labeled plastic box | D17: QA/QC Manager | E17: Site Office Sample Bin
A18: Punchlist Walks | B18: Final completion walkthrough for trade and general scopes | C18: Procore Punchlist Tool | D18: Q-Team / Design Team / Client Rep | E18: Procore — Punchlists
A19: Monthly QA Review | B19: Review completed vs. missed benchmarks | C19: Internal Project Schedule / QA Log | D19: PM / Superintendent | E19: Project Folder / QA Dashboard

Sheet DFOW Risk Register
A1: SAUNALOUNGE — DFOW RISK & QUALITY GOVERNANCE MATRIX (Playbook App. D-B)
A2: 45 South 3rd Street, Ground Floor, Brooklyn NY 11249 | Affect Build, LLC | Tier drives inspection intensity, documentation level and Q-Team attendance
A4: DFOW ID | B4: DFOW / Definable Feature of Work | C4: Tier | D4: Risk Level | E4: Insp. Intensity / Follow-Up Freq. | F4: CSI Div / Spec | G4: Zone / Location | H4: Responsible Trade Partner | I4: Affect Lead (PM / Super) | J4: Mock-Up Req'd | K4: Hold / Witness Points | L4: Special Insp. Req'd (TR) | M4: Ph.1 Preparatory | N4: Ph.2 Work Readiness | O4: Ph.3 First Work Review | P4: Ph.4 Follow-Up Status | Q4: Notes
A5: D-01 | B5: Wet-area waterproofing — pool deck, locker rooms, showers, kitchen | C5: 4 | D5: =IF($C5=4,"Critical",IF($C5=3,"High",IF($C5=2,"Moderate",IF($C5=1,"Low","")))) -> Critical | E5: =IF($C5=4,"Daily follow-up; dual sign-off; QA/QC Mgr at all hold points",IF($C5=3,"Every-other-day follow-up; A/E at First Work Review",IF($C5=2,"Weekly follow-up; Superintendent-led",IF($C5=1,"At completion; Superintendent spot-check","")))) -> Daily follow-up; dual sign-off; QA/QC Mgr at all hold points | F5: 39879 | G5: Zone A & B wet areas | I5: N. Scarmacca (Super) | J5: Yes | K5: HOLD — before tile/topping cover-up | L5: TR12/13-adjacent
A6: D-02 | B6: Waterproofing interface w/ Owner's pool shell, sauna & cold plunge assemblies | C6: 4 | D6: =IF($C6=4,"Critical",IF($C6=3,"High",IF($C6=2,"Moderate",IF($C6=1,"Low","")))) -> Critical | E6: =IF($C6=4,"Daily follow-up; dual sign-off; QA/QC Mgr at all hold points",IF($C6=3,"Every-other-day follow-up; A/E at First Work Review",IF($C6=2,"Weekly follow-up; Superintendent-led",IF($C6=1,"At completion; Superintendent spot-check","")))) -> Daily follow-up; dual sign-off; QA/QC Mgr at all hold points | F6: 7 | G6: Pool room (Zone B) | I6: N. Scarmacca (Super) / I. Aguire (PM) | J6: Yes | K6: HOLD — joint interface inspection w/ Owner vendor | L6: TR12/13-adjacent
A7: D-03 | B7: Fire Alarm system — FACP, RAN, initiating / notification devices | C7: 4 | D7: =IF($C7=4,"Critical",IF($C7=3,"High",IF($C7=2,"Moderate",IF($C7=1,"Low","")))) -> Critical | E7: =IF($C7=4,"Daily follow-up; dual sign-off; QA/QC Mgr at all hold points",IF($C7=3,"Every-other-day follow-up; A/E at First Work Review",IF($C7=2,"Weekly follow-up; Superintendent-led",IF($C7=1,"At completion; Superintendent spot-check","")))) -> Daily follow-up; dual sign-off; QA/QC Mgr at all hold points | F7: 28 31 00 | G7: Whole premises | I7: I. Aguire (PM) | J7: No | K7: HOLD — 100% device pre-test; WITNESS — FDNY acceptance | L7: TR1
A8: D-04 | B8: Fire Sprinkler & standpipe — 87 new heads, main & branch | C8: 4 | D8: =IF($C8=4,"Critical",IF($C8=3,"High",IF($C8=2,"Moderate",IF($C8=1,"Low","")))) -> Critical | E8: =IF($C8=4,"Daily follow-up; dual sign-off; QA/QC Mgr at all hold points",IF($C8=3,"Every-other-day follow-up; A/E at First Work Review",IF($C8=2,"Weekly follow-up; Superintendent-led",IF($C8=1,"At completion; Superintendent spot-check","")))) -> Daily follow-up; dual sign-off; QA/QC Mgr at all hold points | F8: 21 13 00 | G8: Whole premises | I8: N. Scarmacca (Super) | J8: No | K8: HOLD — hydrostatic 200 psi / 2 hr (DOB witness); WITNESS — FDNY flow test | L8: TR1
A9: D-05 | B9: Electrical service, switchgear & panels MP-1, KP-1, LP-1, RP-1, SWBD-1 | C9: 4 | D9: =IF($C9=4,"Critical",IF($C9=3,"High",IF($C9=2,"Moderate",IF($C9=1,"Low","")))) -> Critical | E9: =IF($C9=4,"Daily follow-up; dual sign-off; QA/QC Mgr at all hold points",IF($C9=3,"Every-other-day follow-up; A/E at First Work Review",IF($C9=2,"Weekly follow-up; Superintendent-led",IF($C9=1,"At completion; Superintendent spot-check","")))) -> Daily follow-up; dual sign-off; QA/QC Mgr at all hold points | F9: 26 20 00 | G9: Elec. room / Zones A & B | I9: I. Aguire (PM) | J9: No | K9: HOLD — pre-energisation inspection & megger | L9: TR - Electrical
A10: D-06 | B10: Gas piping & elevated-pressure gas service connection | C10: 4 | D10: =IF($C10=4,"Critical",IF($C10=3,"High",IF($C10=2,"Moderate",IF($C10=1,"Low","")))) -> Critical | E10: =IF($C10=4,"Daily follow-up; dual sign-off; QA/QC Mgr at all hold points",IF($C10=3,"Every-other-day follow-up; A/E at First Work Review",IF($C10=2,"Weekly follow-up; Superintendent-led",IF($C10=1,"At completion; Superintendent spot-check","")))) -> Daily follow-up; dual sign-off; QA/QC Mgr at all hold points | F10: 22 11 00 | G10: Kitchen / mech. | I10: N. Scarmacca (Super) | J10: No | K10: HOLD — 10 psi / 15 min pressure test (DOB witness) | L10: DOB Plumbing
A11: D-07 | B11: Pool equipment room slab & CIP concrete | C11: 3 | D11: =IF($C11=4,"Critical",IF($C11=3,"High",IF($C11=2,"Moderate",IF($C11=1,"Low","")))) -> High | E11: =IF($C11=4,"Daily follow-up; dual sign-off; QA/QC Mgr at all hold points",IF($C11=3,"Every-other-day follow-up; A/E at First Work Review",IF($C11=2,"Weekly follow-up; Superintendent-led",IF($C11=1,"At completion; Superintendent spot-check","")))) -> Every-other-day follow-up; A/E at First Work Review | F11: 03 30 00 | G11: Pool equipment room | I11: N. Scarmacca (Super) | J11: No | K11: HOLD — pre-pour rebar/embeds; WITNESS — each pour | L11: TR2 / TR3
A12: D-08 | B12: Excavation & support of excavation — pool equipment room (150 CY) | C12: 3 | D12: =IF($C12=4,"Critical",IF($C12=3,"High",IF($C12=2,"Moderate",IF($C12=1,"Low","")))) -> High | E12: =IF($C12=4,"Daily follow-up; dual sign-off; QA/QC Mgr at all hold points",IF($C12=3,"Every-other-day follow-up; A/E at First Work Review",IF($C12=2,"Weekly follow-up; Superintendent-led",IF($C12=1,"At completion; Superintendent spot-check","")))) -> Every-other-day follow-up; A/E at First Work Review | F12: 31 20 00 | G12: Pool equipment room | I12: N. Scarmacca (Super) | J12: No | K12: HOLD — SOE verification before excavation | L12: TR4 / TR5
A13: D-09 | B13: Domestic hot water — 4x Rheem tankless + ST-120 storage tank | C13: 3 | D13: =IF($C13=4,"Critical",IF($C13=3,"High",IF($C13=2,"Moderate",IF($C13=1,"Low","")))) -> High | E13: =IF($C13=4,"Daily follow-up; dual sign-off; QA/QC Mgr at all hold points",IF($C13=3,"Every-other-day follow-up; A/E at First Work Review",IF($C13=2,"Weekly follow-up; Superintendent-led",IF($C13=1,"At completion; Superintendent spot-check","")))) -> Every-other-day follow-up; A/E at First Work Review | F13: 22 33 00 | G13: Mech. room | I13: I. Aguire (PM) | J13: No | K13: HOLD — combustion test before DOB Boiler Unit insp. | L13: DOB Boiler
A14: D-10 | B14: HVAC equipment — RT-1, PDU-1, ERV-1/2, AC-1 to AC-5, MUA-1, KEF-1 | C14: 3 | D14: =IF($C14=4,"Critical",IF($C14=3,"High",IF($C14=2,"Moderate",IF($C14=1,"Low","")))) -> High | E14: =IF($C14=4,"Daily follow-up; dual sign-off; QA/QC Mgr at all hold points",IF($C14=3,"Every-other-day follow-up; A/E at First Work Review",IF($C14=2,"Weekly follow-up; Superintendent-led",IF($C14=1,"At completion; Superintendent spot-check","")))) -> Every-other-day follow-up; A/E at First Work Review | F14: 23 00 00 | G14: Roof / Zones A & B | I14: I. Aguire (PM) | J14: No | K14: WITNESS — startup & functional performance test | L14: TR8
A15: D-11 | B15: Ductwork Zones A & B incl. duct pressure testing | C15: 3 | D15: =IF($C15=4,"Critical",IF($C15=3,"High",IF($C15=2,"Moderate",IF($C15=1,"Low","")))) -> High | E15: =IF($C15=4,"Daily follow-up; dual sign-off; QA/QC Mgr at all hold points",IF($C15=3,"Every-other-day follow-up; A/E at First Work Review",IF($C15=2,"Weekly follow-up; Superintendent-led",IF($C15=1,"At completion; Superintendent spot-check","")))) -> Every-other-day follow-up; A/E at First Work Review | F15: 23 31 00 | G15: Zones A & B | I15: N. Scarmacca (Super) | J15: No | K15: HOLD — duct pressure test before ceiling close-up | L15: TR8
A16: D-12 | B16: Refrigerant piping — ACCU-1 / ACCU-2 reconnect, ACCU-3 new | C16: 3 | D16: =IF($C16=4,"Critical",IF($C16=3,"High",IF($C16=2,"Moderate",IF($C16=1,"Low","")))) -> High | E16: =IF($C16=4,"Daily follow-up; dual sign-off; QA/QC Mgr at all hold points",IF($C16=3,"Every-other-day follow-up; A/E at First Work Review",IF($C16=2,"Weekly follow-up; Superintendent-led",IF($C16=1,"At completion; Superintendent spot-check","")))) -> Every-other-day follow-up; A/E at First Work Review | F16: 23 23 00 | G16: Roof / Zone A | I16: I. Aguire (PM) | J16: No | K16: HOLD — pressure/vacuum test before charge | L16: —
A17: D-13 | B17: Plumbing rough-in — CW / HW / sanitary / waste / vent | C17: 3 | D17: =IF($C17=4,"Critical",IF($C17=3,"High",IF($C17=2,"Moderate",IF($C17=1,"Low","")))) -> High | E17: =IF($C17=4,"Daily follow-up; dual sign-off; QA/QC Mgr at all hold points",IF($C17=3,"Every-other-day follow-up; A/E at First Work Review",IF($C17=2,"Weekly follow-up; Superintendent-led",IF($C17=1,"At completion; Superintendent spot-check","")))) -> Every-other-day follow-up; A/E at First Work Review | F17: 22 10 00 | G17: Zones A & B | I17: N. Scarmacca (Super) | J17: No | K17: HOLD — pre-cover inspection before GWB | L17: DOB Plumbing
A18: D-14 | B18: Tile & stone — pool floors, locker/shower, lounge/bar, kitchen, ADA restroom | C18: 3 | D18: =IF($C18=4,"Critical",IF($C18=3,"High",IF($C18=2,"Moderate",IF($C18=1,"Low","")))) -> High | E18: =IF($C18=4,"Daily follow-up; dual sign-off; QA/QC Mgr at all hold points",IF($C18=3,"Every-other-day follow-up; A/E at First Work Review",IF($C18=2,"Weekly follow-up; Superintendent-led",IF($C18=1,"At completion; Superintendent spot-check","")))) -> Every-other-day follow-up; A/E at First Work Review | F18: 09 30 00 | G18: Zones A & B | I18: N. Scarmacca (Super) | J18: Yes | K18: HOLD — mock-up sign-off before production | L18: —
... A36: D-32 | B36: Final clean & protection removal | C36: 1 | D36: =IF($C36=4,"Critical",IF($C36=3,"High",IF($C36=2,"Moderate",IF($C36=1,"Low","")))) -> Low | E36: =IF($C36=4,"Daily follow-up; dual sign-off; QA/QC Mgr at all hold points",IF($C36=3,"Every-other-day follow-up; A/E at First Work Review",IF($C36=2,"Weekly follow-up; Superintendent-led",IF($C36=1,"At completion; Superintendent spot-check","")))) -> At completion; Superintendent spot-check | F36: 01 74 00 | G36: Whole premises | I36: N. Scarmacca (Super) | J36: No | K36: At completion | L36: —

Sheet ITP
A1: SAUNALOUNGE — INSPECTION & TESTING PLAN (ITP) | Playbook App. D-C
A2: H = HOLD POINT: work must stop; inspection signed off before proceeding — no exceptions. W = WITNESS POINT: Affect Build and/or A/E notified min. 48 hrs in advance; work may proceed if witness does not attend after proper written notice. All reports uploaded to Procore within 24 hrs of receipt.
A4: ITP ID | B4: DFOW Ref | C4: Test / Inspection Activity | D4: Spec / Code Requirement | E4: Test Method / Standard | F4: Acceptance Criteria | G4: Frequency | H4: Responsible Party | I4: H / W | J4: Notice Req'd | K4: Date Performed | L4: Result | M4: Report Ref (Procore) | N4: Status | O4: Report Distribution
A5: T-01 | B5: D-07 | C5: Concrete compressive strength — pool equipment room slab | D5: NYC BC Ch.17 / TR2-TR3 | E5: ASTM C39 cylinder breaks | F5: Meets design f'c at 28 days | G5: Each pour (min. 1 set per 50 CY) | H5: Licensed Testing Laboratory | I5: H | J5: 48 hrs | O5: PM, Super, SIA, Architect, Collectif
A6: T-02 | B6: D-07 | C6: Concrete slump, air content & temperature | D6: NYC BC Ch.17 / TR2 | E6: ASTM C143 / C231 / C1064 | F6: Within approved mix design tolerances | G6: Each truck / each pour | H6: Licensed Testing Laboratory | I6: W | J6: 48 hrs | O6: PM, Super, SIA
A7: T-03 | B7: D-07 | C7: Pre-pour rebar, embeds & formwork verification | D7: Structural drawings / TR3 | E7: Visual + tape measure vs. shop drawings | F7: Placement, cover and laps per approved shops | G7: Before every pour | H7: Special Inspection Agency | I7: H | J7: 48 hrs | O7: PM, Super, SIA, Architect
A8: T-04 | B8: D-08 | C8: Excavation / SOE verification — pool equipment room | D8: NYC BC Ch.33 / TR4-TR5 | E8: Survey + visual vs. approved SOE drawings | F8: Sloped excavation per approved SOE; no undermining | G8: Before and during excavation | H8: Special Inspection Agency | I8: H | J8: 48 hrs | O8: PM, Super, SIA
A9: T-05 | B9: D-01 | C9: Wet-area waterproofing flood test — locker rooms, showers, pool deck | D9: Manufacturer's requirements / 07 | E9: Flood test min. 24 hrs, 2 in. head | F9: No loss of head; no evidence of leakage | G9: Each wet area, before cover-up | H9: Waterproofing Subcontractor | I9: H | J9: 48 hrs | O9: PM, Super, Architect, Owner
A10: T-06 | B10: D-02 | C10: Interface inspection — Affect waterproofing to Owner's pool / sauna assemblies | D10: Contract §12.4 / manufacturer | E10: Joint visual inspection + photo record | F10: Continuous termination; no gaps at transition | G10: At each interface, before cover-up | H10: N. Scarmacca (Super) + Owner's Pool Vendor | I10: H | J10: 72 hrs | O10: PM, Super, Architect, Owner's Vendor
A11: T-07 | B11: D-17 | C11: Roof flood / water test at RTU-1 curbs and penetrations | D11: 07 50 00 / manufacturer | E11: Water test / spray test | F11: No leakage at curbs, flashings or penetrations | G11: Once, after flashing complete | H11: Roofing Subcontractor | I11: H | J11: 48 hrs | O11: PM, Super, Architect
A12: T-08 | B12: D-04 | C12: Sprinkler hydrostatic test | D12: NFPA 13 / NYC BC / TR1 | E12: Hydrostatic pressure test | F12: 200 psi held 2 hrs with no loss | G12: Once per system, all new piping | H12: Sprinkler Subcontractor (DOB witness) | I12: H | J12: 72 hrs | O12: PM, Super, DOB, FDNY, SIA
A13: T-09 | B13: D-04 | C13: Sprinkler flow test — waterflow & tamper switches | D13: NFPA 13 / FDNY | E13: Flow test at inspector's test connection | F13: Alarm signal within 90 sec; correct pressure | G13: Once, at final acceptance | H13: Sprinkler Subcontractor (FDNY witness) | I13: W | J13: 72 hrs | O13: PM, Super, FDNY, SIA
A14: T-10 | B14: D-03 | C14: Fire alarm 100% device pre-test | D14: NFPA 72 / FDNY / TR1 | E14: Point-by-point functional device test | F14: 100% of initiating, signaling & notification devices operate | G14: Once, before FDNY witness test | H14: Fire Alarm Subcontractor | I14: H | J14: 72 hrs | O14: PM, Super, Collectif, SIA
A15: T-11 | B15: D-03 | C15: Fire alarm interface test — HVAC damper closure & door hold-open release | D15: NFPA 72 / NYC MC | E15: Functional interface test | F15: All dampers close and hold-opens release on alarm | G15: Once, with pre-test | H15: Fire Alarm + Mechanical Subs | I15: H | J15: 72 hrs | O15: PM, Super, Collectif
A16: T-12 | B16: D-03 | C16: FDNY fire alarm witness / acceptance test | D16: FDNY rules / TR1 | E16: FDNY witnessed live device test | F16: FDNY Letter of Approval (LOA) issued | G16: Once (≥2 weeks before 12/21/26) | H16: FDNY Inspector | I16: W | J16: 2 weeks | O16: PM, Super, Owner, FDNY, SIA
... A35: T-31 | B35: — | C35: DOH Pool / Spa final inspection (Owner's Separate Trades) | D35: NYC DOH / Contract §12.4 | E35: DOH inspector site inspection | F35: DOH Pool/Spa approval issued | G35: Once, before occupancy | H35: NYC DOH / Owner's Pool Vendor | I35: H | J35: 2 weeks | O35: PM, Super, Owner, DOH

Sheet Path to TCO
A1: SAUNALOUNGE — PATH TO TCO | Statutory Sign-Off Gate Register
A2: TCO Request is filed via DOB NOW only once ALL of the following are complete: FDNY Fire Alarm LOA · Sprinkler/Standpipe approval · Electrical & Plumbing final certificates · DOH Pool/Spa approval · all Special Inspection (TR) closures. (CMP §20.4)
A4: Target Substantial Completion | C4: =DATE(2026,12,21) -> 46377 | D4: Total Gates | E4: =COUNTA($A$9:$A$71) -> 46 | F4: Complete | G4: =COUNTIF($I$9:$I$71,"Complete") -> 0 | H4: Outstanding | I4: =$E$4-$G$4 -> 46 | J4: TCO Readiness | K4: =IF($E$4=0,0,$G$4/$E$4) -> 0
A8: Step | B8: Gate / Milestone | C8: Category | D8: Agency / Authority | E8: Prerequisite Step(s) | F8: Responsible | G8: Required Document / Certificate | H8: Target Date | I8: Status | J8: Actual Date | K8: Days to SC | L8: Procore / DOB NOW Ref | M8: Notes
B9: A. PERMITS, FILINGS & PRECONSTRUCTION | K9: =IF(OR($A9="SECTION",$H9=""),"",$C$4-$H9)
A10: A1 | B10: PW1 / PW2 filings approved and work permits issued | C10: DOB | D10: NYC DOB | E10: — | F10: I. Aguire (PM) | G10: Approved PW1, issued PW2 work permit | I10: Not Started | K10: =IF(OR($A10="SECTION",$H10=""),"",$C$4-$H10)
A11: A2 | B11: TR1 (Technical Report — Statement of Responsibility) filed and accepted | C11: DOB | D11: NYC DOB / SIA | E11: A1 | F11: I. Aguire (PM) | G11: Accepted TR1 in DOB NOW | I11: Not Started | K11: =IF(OR($A11="SECTION",$H11=""),"",$C$4-$H11)
A12: A3 | B12: TR8 (Energy / Mechanical) filed and accepted | C12: DOB | D12: NYC DOB / Collectif | E12: A1 | F12: I. Aguire (PM) | G12: Accepted TR8 in DOB NOW | I12: Not Started | K12: =IF(OR($A12="SECTION",$H12=""),"",$C$4-$H12)
A13: A4 | B13: Special Inspection Agency and Testing Laboratory engaged and on record | C13: Internal | D13: Affect Build | E13: A2 | F13: I. Aguire (PM) | G13: Executed agency agreements | I13: Not Started | K13: =IF(OR($A13="SECTION",$H13=""),"",$C$4-$H13)
A14: A5 | B14: Physical inspector sign-in logbook established at site entry | C14: Internal | D14: Affect Build | E14: A1 | F14: N. Scarmacca (Super) | G14: Bound logbook on site (see Inspector Sign-In tab) | I14: Not Started | K14: =IF(OR($A14="SECTION",$H14=""),"",$C$4-$H14)
A15: A6 | B15: Permit board, site safety and code postings in place | C15: DOB | D15: NYC DOB | E15: A1 | F15: N. Scarmacca (Super) | G15: Photo record of postings | I15: Not Started | K15: =IF(OR($A15="SECTION",$H15=""),"",$C$4-$H15)
A16: A7 | B16: CodeGreen (CGI) Preliminary special inspection completed | C16: Special Insp. | D16: CodeGreen Inspection (CGI) | E16: A1,A4 | F16: N. Scarmacca (Super) | G16: CGI Preliminary inspection report | I16: Not Started | K16: =IF(OR($A16="SECTION",$H16=""),"",$C$4-$H16) | M16: MUST occur PRIOR TO any work being performed on site (CGI matrix 2026-0401). Allow min. 2-3 days to schedule
B17: B. SPECIAL INSPECTION (TR) CLOSURES — CMP §12.6 | K17: =IF(OR($A17="SECTION",$H17=""),"",$C$4-$H17)
A18: B1 | B18: Concrete placement special inspections complete — pool equipment room slab | C18: Special Insp. | D18: Licensed Testing Lab | E18: A2 | F18: N. Scarmacca (Super) | G18: Signed TR2 / TR3 reports, all pours | I18: Not Started | K18: =IF(OR($A18="SECTION",$H18=""),"",$C$4-$H18)
A19: B2 | B19: Excavation / SOE special inspections complete | C19: Special Insp. | D19: Special Inspection Agency | E19: A2 | F19: N. Scarmacca (Super) | G19: Signed TR reports | I19: Not Started | K19: =IF(OR($A19="SECTION",$H19=""),"",$C$4-$H19)
A20: B3 | B20: Waterproofing (wet-area interface) special inspections complete | C20: Special Insp. | D20: Independent Inspector | E20: A2 | F20: N. Scarmacca (Super) | G20: Signed inspection reports, all wet areas | I20: Not Started | K20: =IF(OR($A20="SECTION",$H20=""),"",$C$4-$H20)
A21: B4 | B21: Firestopping special inspections complete — all rated penetrations | C21: Special Insp. | D21: Special Inspection Agency | E21: A2 | F21: N. Scarmacca (Super) | G21: Signed inspection reports | I21: Not Started | K21: =IF(OR($A21="SECTION",$H21=""),"",$C$4-$H21)
A22: B5 | B22: Mechanical / Energy Code compliance special inspection signed off | C22: Special Insp. | D22: Collectif (Mech. Engineer) | E22: A3 | F22: I. Aguire (PM) | G22: Signed TR8 | I22: Not Started | K22: =IF(OR($A22="SECTION",$H22=""),"",$C$4-$H22)
A23: B6 | B23: Sprinkler / Fire Alarm special inspection signed off | C23: Special Insp. | D23: Approved Inspector | E23: A2 | F23: I. Aguire (PM) | G23: Signed TR1 for FA / sprinkler | I23: Not Started | K23: =IF(OR($A23="SECTION",$H23=""),"",$C$4-$H23)
A24: B7 | B24: FINAL TR1 sign-off letter received from Special Inspection Agency | C24: Special Insp. | D24: Special Inspection Agency | E24: B1,B2,B3,B4,B5,B6 | F24: I. Aguire (PM) | G24: Final TR1 Sign-Off Letter (mandatory TCO prerequisite) | I24: Not Started | K24: =IF(OR($A24="SECTION",$H24=""),"",$C$4-$H24)
B25: C. LIFE SAFETY SIGN-OFFS | K25: =IF(OR($A25="SECTION",$H25=""),"",$C$4-$H25)
A26: C1 | B26: Fire alarm 100% device pre-test complete (see Path to Fire Alarm tab) | C26: FDNY | D26: Fire Alarm Sub | E26: A1 | F26: I. Aguire (PM) | G26: Signed 100% device pre-test report | I26: Not Started | K26: =IF(OR($A26="SECTION",$H26=""),"",$C$4-$H26)
A27: C2 | B27: FDNY witness / acceptance test passed — Letter of Approval issued | C27: FDNY | D27: FDNY | E27: C1 | F27: I. Aguire (PM) | G27: FDNY Letter of Approval (LOA) | I27: Not Started | K27: =IF(OR($A27="SECTION",$H27=""),"",$C$4-$H27)
A28: C3 | B28: Sprinkler hydrostatic test passed — 200 psi / 2 hrs, DOB witnessed | C28: DOB | D28: NYC DOB | E28: A1 | F28: N. Scarmacca (Super) | G28: Signed hydrostatic test record | I28: Not Started | K28: =IF(OR($A28="SECTION",$H28=""),"",$C$4-$H28)
A29: C4 | B29: Sprinkler flow test / FDNY field acceptance — waterflow & tamper switches | C29: FDNY | D29: FDNY | E29: C3 | F29: N. Scarmacca (Super) | G29: FDNY field acceptance record | I29: Not Started | K29: =IF(OR($A29="SECTION",$H29=""),"",$C$4-$H29)
A30: C5 | B30: Central station alarm transmission verified | C30: FDNY | D30: FDNY / Central Station | E30: C2 | F30: I. Aguire (PM) | G30: Central station verification letter | I30: Not Started | K30: =IF(OR($A30="SECTION",$H30=""),"",$C$4-$H30)
B31: D. UTILITY & AGENCY SIGN-OFFS — CMP §19.3 / §20.2 | K31: =IF(OR($A31="SECTION",$H31=""),"",$C$4-$H31)
A32: D1 | B32: Electrical rough inspection passed | C32: DOB | D32: DOB Electrical | E32: A1 | F32: I. Aguire (PM) | G32: Rough inspection record | I32: Not Started | K32: =IF(OR($A32="SECTION",$H32=""),"",$C$4-$H32)
A33: D2 | B33: Electrical final inspection — Certificate of Electrical Inspection issued | C33: DOB | D33: DOB Electrical | E33: D1 | F33: I. Aguire (PM) | G33: Certificate of Electrical Inspection (or DOB NOW self-cert) | I33: Not Started | K33: =IF(OR($A33="SECTION",$H33=""),"",$C$4-$H33)
A34: D3 | B34: Con Edison energisation letter received | C34: Utility | D34: Con Edison | E34: D2 | F34: I. Aguire (PM) | G34: Energisation letter | I34: Not Started | K34: =IF(OR($A34="SECTION",$H34=""),"",$C$4-$H34)
A35: D4 | B35: Plumbing rough inspection passed (water / sanitary / vent) | C35: DOB | D35: DOB Plumbing | E35: A1 | F35: N. Scarmacca (Super) | G35: Rough inspection sign-off | I35: Not Started | K35: =IF(OR($A35="SECTION",$H35=""),"",$C$4-$H35)
A36: D5 | B36: Gas pressure test passed — 10 psi / 15 min, DOB witnessed | C36: DOB | D36: DOB Plumbing | E36: D4 | F36: N. Scarmacca (Super) | G36: Signed gas pressure test record | I36: Not Started | K36: =IF(OR($A36="SECTION",$H36=""),"",$C$4-$H36)
A37: D6 | B37: Gas Activation Notice received | C37: Utility | D37: Con Edison / National Grid | E37: D5 | F37: I. Aguire (PM) | G37: Gas Activation Notice | I37: Not Started | K37: =IF(OR($A37="SECTION",$H37=""),"",$C$4-$H37)
A38: D7 | B38: DOB Boiler Unit inspection — after Rheem water heater combustion testing | C38: DOB | D38: DOB Boiler Unit | E38: D6 | F38: I. Aguire (PM) | G38: Boiler inspection sign-off | I38: Not Started | K38: =IF(OR($A38="SECTION",$H38=""),"",$C$4-$H38)
A39: D8 | B39: Plumbing final inspection / sign-off | C39: DOB | D39: DOB Plumbing | E39: D5 | F39: N. Scarmacca (Super) | G39: Plumbing final sign-off | I39: Not Started | K39: =IF(OR($A39="SECTION",$H39=""),"",$C$4-$H39)
A40: D9 | B40: DEP water meter set | C40: DEP | D40: NYC DEP | E40: A1 | F40: I. Aguire (PM) | G40: Meter set confirmation | I40: Not Started | K40: =IF(OR($A40="SECTION",$H40=""),"",$C$4-$H40)
A41: D10 | B41: DEP backflow prevention certification filed | C41: DEP | D41: NYC DEP | E41: D9 | F41: I. Aguire (PM) | G41: Backflow certification | I41: Not Started | K41: =IF(OR($A41="SECTION",$H41=""),"",$C$4-$H41)
A42: D11 | B42: DEP final sewer connection approval | C42: DEP | D42: NYC DEP | E42: A1 | F42: I. Aguire (PM) | G42: Sewer connection approval | I42: Not Started | K42: =IF(OR($A42="SECTION",$H42=""),"",$C$4-$H42)
B43: E. DOH POOL / SPA — OWNER'S SEPARATE TRADES (CMP §20.3) | K43: =IF(OR($A43="SECTION",$H43=""),"",$C$4-$H43)
A44: E1 | B44: Pool / sauna / cold plunge utility readiness confirmed (electrical, plumbing, trenching) | C44: Internal | D44: Affect Build | E44: D2,D8 | F44: N. Scarmacca (Super) | G44: Utility readiness sign-off | I44: Not Started | K44: =IF(OR($A44="SECTION",$H44=""),"",$C$4-$H44)
A45: E2 | B45: Owner's pool vendor testing & commissioning complete | C45: DOH | D45: Owner's Separate Trades | E45: E1 | F45: Owner's Vendor | G45: Vendor commissioning report | I45: Not Started | K45: =IF(OR($A45="SECTION",$H45=""),"",$C$4-$H45)
A46: E3 | B46: NYC DOH Pool / Spa final inspection passed | C46: DOH | D46: NYC DOH | E46: E2 | F46: I. Aguire (PM) — coordination only | G46: DOH Pool/Spa approval certificate | I46: Not Started | K46: =IF(OR($A46="SECTION",$H46=""),"",$C$4-$H46)
B47: F. COMMISSIONING, QUALITY & CLOSEOUT | K47: =IF(OR($A47="SECTION",$H47=""),"",$C$4-$H47)
A48: F1 | B48: All HVAC equipment startup and functional performance testing complete | C48: Internal | D48: Mechanical Sub / Vendors | E48: A1 | F48: I. Aguire (PM) | G48: Certified startup + FPT reports | I48: Not Started | K48: =IF(OR($A48="SECTION",$H48=""),"",$C$4-$H48)
A49: F2 | B49: TAB report issued and accepted | C49: Internal | D49: Approved TAB Firm | E49: F1 | F49: I. Aguire (PM) | G49: TAB report | I49: Not Started | K49: =IF(OR($A49="SECTION",$H49=""),"",$C$4-$H49)
A50: F3 | B50: All open NCRs closed (see NCR Log) | C50: Internal | D50: Affect Build | E50: — | F50: I. Aguire (PM) | G50: NCR Log showing zero open items | I50: Not Started | K50: =IF(OR($A50="SECTION",$H50=""),"",$C$4-$H50)
A51: F4 | B51: All Tier 3 / Tier 4 DFOW Phase 4 follow-up inspections closed | C51: Internal | D51: Superintendent | E51: — | F51: N. Scarmacca (Super) | G51: Procore inspection records | I51: Not Started | K51: =IF(OR($A51="SECTION",$H51=""),"",$C$4-$H51)
A52: F5 | B52: Trade self-punch and Affect Build punch review complete (Phases A & B) | C52: Internal | D52: Affect Build / Trades | E52: F3 | F52: N. Scarmacca (Super) | G52: Punch & RCL Log | I52: Not Started | K52: =IF(OR($A52="SECTION",$H52=""),"",$C$4-$H52)
A53: F6 | B53: Owner / Architect punch walk complete (Phase C) | C53: Internal | D53: Owner / Colberg Architecture | E53: F5 | F53: I. Aguire (PM) | G53: Signed punch list | I53: Not Started | K53: =IF(OR($A53="SECTION",$H53=""),"",$C$4-$H53)
A54: F7 | B54: O&M Manuals, warranties, as-builts and training certificates compiled | C54: Internal | D54: Affect Build | E54: F1,F2 | F54: I. Aguire (PM) | G54: Certificate and Approvals Binder (digital + hardcopy) | I54: Not Started | K54: =IF(OR($A54="SECTION",$H54=""),"",$C$4-$H54)
A55: F8 | B55: Owner systems training delivered and documented | C55: Internal | D55: Subs / Vendors | E55: F7 | F55: I. Aguire (PM) | G55: Training Matrix with attendee sign-in | I55: Not Started | K55: =IF(OR($A55="SECTION",$H55=""),"",$C$4-$H55)
B56: G. TCO FILING & ISSUANCE | K56: =IF(OR($A56="SECTION",$H56=""),"",$C$4-$H56)
A57: G1 | B57: Closeout Matrix verified — every authority approval accounted for | C57: Internal | D57: Affect Build | E57: B7,C2,C4,D2,D8,D10,E3 | F57: I. Aguire (PM) | G57: Completed Closeout Matrix | I57: Not Started | K57: =IF(OR($A57="SECTION",$H57=""),"",$C$4-$H57)
A58: G2 | B58: TCO application filed via DOB NOW | C58: DOB | D58: NYC DOB | E58: G1 | F58: I. Aguire (PM) | G58: DOB NOW TCO application | I58: Not Started | K58: =IF(OR($A58="SECTION",$H58=""),"",$C$4-$H58)
A59: G3 | B59: DOB final building inspection passed | C59: DOB | D59: NYC DOB | E59: G2 | F59: I. Aguire (PM) | G59: Final inspection sign-off | I59: Not Started | K59: =IF(OR($A59="SECTION",$H59=""),"",$C$4-$H59)
A60: G4 | B60: TEMPORARY CERTIFICATE OF OCCUPANCY (TCO) ISSUED | C60: DOB | D60: NYC DOB | E60: G3 | F60: I. Aguire (PM) | G60: Issued TCO | I60: Not Started | K60: =IF(OR($A60="SECTION",$H60=""),"",$C$4-$H60)
A61: G5 | B61: Final Certificate of Occupancy (CO) issued | C61: DOB | D61: NYC DOB | E61: G4 | F61: I. Aguire (PM) | G61: Issued CO | I61: Not Started | K61: =IF(OR($A61="SECTION",$H61=""),"",$C$4-$H61)

Sheet Path to Fire Alarm
A1: SAUNALOUNGE — PATH TO FIRE ALARM SIGN-OFF (FDNY LETTER OF APPROVAL)
A2: The FDNY Letter of Approval (LOA) is a MANDATORY prerequisite for TCO/CO. Per CMP §20.1, FDNY witness testing must be scheduled at least two weeks before the anticipated Substantial Completion date to allow for re-tests.
A4: Substantial Completion Target | D4: =DATE(2026,12,21) -> 46377 | E4: Latest FDNY Test Date (SC − 14 days) | H4: =$D$4-14 -> 46363 | I4: Steps Complete | K4: =COUNTIF($H$8:$H$40,"Complete")&" / "&COUNTA($A$8:$A$40) -> 0 / 23
A7: Step | B7: Activity / Gate | C7: Responsible Party | D7: Predecessor | E7: Advance Notice Req'd | F7: Target Date | G7: Actual Date | H7: Status | I7: Evidence / Document Required | J7: Notes
A8: FA-01 | B8: Fire alarm shop drawings and device layout submitted to Collectif and Architect for review | C8: Fire Alarm Sub | D8: — | E8: — | H8: Not Started | I8: Approved shop drawings (Procore submittal)
A9: FA-02 | B9: Fire alarm drawings filed with FDNY / DOB as required; approval obtained | C9: I. Aguire (PM) | D9: FA-01 | E9: 4–6 weeks | H9: Not Started | I9: FDNY / DOB drawing approval
A10: FA-03 | B10: FACP, RAN and device rough-in complete — Zones A & B | C10: Fire Alarm Sub | D10: FA-02 | E10: — | H10: Not Started | I10: Pre-cover inspection sign-off
A11: FA-04 | B11: Pre-cover (pre-drywall) inspection of FA rough-in — HOLD POINT | C11: N. Scarmacca (Super) | D11: FA-03 | E11: 48 hrs | H11: Not Started | I11: Signed pre-cover inspection record (Procore)
A12: FA-05 | B12: Device trim-out complete — initiating, signaling and notification devices installed | C12: Fire Alarm Sub | D12: FA-04 | E12: — | H12: Not Started | I12: Device installation checklist
A13: FA-06 | B13: Above-ceiling inspection before ACT / grid close-up — HOLD POINT | C13: N. Scarmacca (Super) | D13: FA-05 | E13: 48 hrs | H13: Not Started | I13: Above-ceiling inspection record
A14: FA-07 | B14: Permanent electrical power available to FACP (energisation sequenced ahead of FA testing) | C14: Electrical Sub | D14: — | E14: — | H14: Not Started | I14: Con Edison energisation letter / panel energised
A15: FA-08 | B15: Device labelling, zone schedule and as-built riser diagram complete | C15: Fire Alarm Sub | D15: FA-05 | E15: — | H15: Not Started | I15: As-built riser + zone schedule
A16: FA-09 | B16: 100% pre-test of ALL initiating, signaling and notification devices — HOLD POINT | C16: Fire Alarm Sub | D16: FA-05,FA-07 | E16: 72 hrs | H16: Not Started | I16: Signed 100% device pre-test report
A17: FA-10 | B17: Interface test — HVAC damper closure on alarm verified | C17: Fire Alarm + Mechanical Subs | D17: FA-09 | E17: 72 hrs | H17: Not Started | I17: Signed interface test record
A18: FA-11 | B18: Interface test — door hold-open device release on alarm verified | C18: Fire Alarm + Door Hardware Sub | D18: FA-09 | E18: 72 hrs | H18: Not Started | I18: Signed interface test record
A19: FA-12 | B19: Interface test — sprinkler waterflow and tamper switch supervision to FACP verified | C19: Fire Alarm + Sprinkler Subs | D19: FA-09 | E19: 72 hrs | H19: Not Started | I19: Signed interface test record
... A30: FA-23 | B30: Fire alarm O&M manual, warranty and as-builts turned over | C30: Fire Alarm Sub | D30: FA-20 | E30: — | H30: Not Started | I30: O&M manual + warranty letter

Sheet DOH Checklist
A1: SAUNALOUNGE — NYC DEPARTMENT OF HEALTH (DOHMH) COMPLIANCE CHECKLIST | FIRST PASS
A2: FIRST PASS — awareness and coordination checklist, NOT a code compliance certification. Pool, sauna and cold plunge are Owner's Separate Trades under Contract §12.4: furnished, installed, tested and commissioned by the Owner's vendors. Affect Build coordinates access, utility readiness and scheduling, and is NOT responsible for design or performance certification of these systems. EVERY numeric criterion and code citation below must be confirmed by the Owner's DOH consultant and the pool designer against NYS Sanitary Code Subpart 6-1, NYC Health Code Article 165 and Article 81 before it is relied upon.
A4: Total Items | B4: =COUNTIF($A$7:$A$130,"H-*") -> 101 | C4: Verified | D4: =COUNTIF($F$7:$F$130,"Verified") -> 0 | E4: Outstanding | F4: =$B$4-$D$4-COUNTIF($F$7:$F$130,"N/A") -> 101 | G4: Affect Build Items | H4: =COUNTIF($C$7:$C$130,"Affect Build")+COUNTIF($C$7:$C$130,"Shared — AB / Owner's Vendor") -> 56 | I4: % Verified | J4: =IF($B$4=0,0,$D$4/$B$4) -> 0
A6: ID | B6: Item / Requirement to Verify | C6: Responsibility | D6: Affect Build Interface / Exposure | E6: Evidence / Document Required | F6: Status | G6: Verified By | H6: Date | I6: Reference to Confirm | J6: Notes
A7: A. PERMITS, PLAN APPROVAL & ADMINISTRATION
A8: H-01 | B8: Pool / spa construction plans submitted to and approved by DOHMH before construction of the pool shell | C8: Owner / DOH Consultant | D8: AB must not build out enclosing finishes until plan approval is confirmed | E8: Stamped approved DOH plan set | I8: NYC Health Code Art. 165 / NYS Subpart 6-1
A9: H-02 | B9: Confirm whether the facility is classified as a swimming pool, spa, or both — classification drives the applicable requirements | C9: Owner / DOH Consultant | D9: Drives ventilation, drainage and finish requirements in AB scope | E9: Written DOH classification determination | I9: Subpart 6-1 definitions
A10: H-03 | B10: DOH Permit to Operate application filed; permit issued prior to public use | C10: Owner / DOH Consultant | D10: Prerequisite to TCO for pool / sauna areas (CMP §20.3) | E10: Issued DOH Permit to Operate | I10: Art. 165
A11: H-04 | B11: Food Service Establishment permit application for kitchen and bar filed with DOHMH | C11: Owner / DOH Consultant | D11: AB builds out kitchen / bar to DOH-acceptable finishes and equipment rough-in | E11: FSE permit application + issued permit | I11: NYC Health Code Art. 81
A12: H-05 | B12: Food service plan review / pre-permit inspection scheduled with DOHMH | C12: Owner / DOH Consultant | D12: AB coordinates access and completion sequencing | E12: Plan review approval letter | I12: Art. 81
A13: H-06 | B13: Owner's DOH consultant engaged and scope of responsibility documented in writing | C13: Owner / DOH Consultant | D13: Clarifies the boundary between AB scope and Owner's vendors | E13: Consultant agreement / scope letter | I13: Contract §12.4
A14: H-07 | B14: Certified Pool Operator (CPO) or equivalent qualified operator identified before opening | C14: Owner's Separate Trades | D14: None — Owner responsibility; note in turnover package | E14: CPO certificate | I14: Subpart 6-1
A15: H-08 | B15: Safety plan / operation & maintenance plan prepared and submitted as required | C15: Owner's Separate Trades | D15: AB provides equipment O&M data to support the plan | E15: Approved safety plan | I15: Subpart 6-1
A16: H-09 | B16: Confirm whether lifeguard supervision is required for this facility, or 'no lifeguard' operation is permitted | C16: Owner / DOH Consultant | D16: Determines required signage that AB may install | E16: Written DOH determination | I16: Subpart 6-1
A17: B. POOL / SPA STRUCTURE, FINISHES & DECK
A18: H-10 | B18: Pool shell structure and interior finish light in colour, smooth, non-toxic, easily cleaned and non-slip where required | C18: Owner's Separate Trades | D18: AB interface at coping / deck transition only | E18: Product data + DOH approval | I18: Subpart 6-1
A19: H-11 | B19: Water depth markings and 'NO DIVING' markings provided at required locations, contrasting and slip-resistant | C19: Owner's Separate Trades | D19: Confirm tile / marking supply responsibility — AB tile scope excludes coping and waterline band | E19: Photo record + approved layout | I19: Subpart 6-1
A20: H-12 | B20: Depth transition / break in slope clearly marked; safety line and anchors provided where required | C20: Owner's Separate Trades | D20: None | E20: Approved layout | I20: Subpart 6-1
A21: H-13 | B21: Steps, ladders, handrails and recessed treads provided, slip-resistant and securely anchored | C21: Owner's Separate Trades | D21: AB verifies anchorage substrate where anchors land in AB-installed work | E21: Installation certification | I21: Subpart 6-1
A22: H-14 | B22: Deck surface slip-resistant, sloped to drain away from the pool, free of standing water | C22: Shared — AB / Owner's Vendor | D22: AB tile / topping scope at pool deck — slope and slip resistance are AB deliverables | E22: Slope survey + COF test data for tile | I22: Subpart 6-1 / TCNA
A23: H-15 | B23: Minimum unobstructed deck width around the pool perimeter maintained | C23: Shared — AB / Owner's Vendor | D23: AB layout and framing must not encroach — verify against approved DOH plan | E23: Dimensioned as-built plan | I23: Subpart 6-1 — VERIFY DIMENSION
A24: H-16 | B24: Deck drainage provided; deck drains do not discharge to the pool recirculation system | C24: Shared — AB / Owner's Vendor | D24: AB plumbing scope — trench / floor drains and slope | E24: Approved plumbing plan + as-built | I24: Subpart 6-1 / NYC PC
A25: H-17 | B25: Coping, waterline contrast band, step / bench nose tile and plaster finish installed by the pool specialist | C25: Owner's Separate Trades | D25: EXPLICITLY EXCLUDED from AB tile scope per Client Summary — confirm no gap in scope | E25: Scope confirmation letter | I25: Client Summary / Contract §12.4
A26: H-18 | B26: No sharp edges, protrusions or entrapment gaps in the pool, spa or plunge basin | C26: Owner's Separate Trades | D26: AB verifies none created by adjacent AB work | E26: Joint inspection record | I26: Subpart 6-1
A27: H-19 | B27: Barrier / enclosure preventing unsupervised access, with self-closing and self-latching gates where required | C27: Shared — AB / Owner's Vendor | D27: AB may install partitions, doors and hardware forming the barrier | E27: Approved barrier detail + hardware submittal | I27: Subpart 6-1 / Art. 165
A28: C. CIRCULATION, FILTRATION & TURNOVER
A29: H-20 | B29: Recirculation system sized to achieve the required turnover rate for each body of water | C29: Owner's Separate Trades | D29: AB provides electrical and plumbing rough-in and equipment room readiness only | E29: Designer's turnover calculation | I29: Subpart 6-1 — VERIFY TURNOVER RATE
A30: H-21 | B30: Filtration system type, rate and media approved; filter gauges and sight glass provided | C30: Owner's Separate Trades | D30: AB equipment room space, drainage and utilities | E30: Equipment submittal + DOH approval | I30: Subpart 6-1
A31: H-22 | B31: Flow meter installed, accessible and readable on the recirculation line | C31: Owner's Separate Trades | D31: AB piping access and lighting in equipment room | E31: Photo record | I31: Subpart 6-1
A32: H-23 | B32: Hair and lint strainer provided ahead of the pump; accessible for cleaning | C32: Owner's Separate Trades | D32: AB clearance and drainage provision | E32: Equipment submittal | I32: Subpart 6-1
A33: H-24 | B33: Make-up water supplied through an approved air gap or backflow prevention — no direct connection | C33: Shared — AB / Owner's Vendor | D33: AB plumbing scope — make-up water connection and backflow device | E33: DEP backflow certification + DOH acceptance | I33: Subpart 6-1 / NYC PC
A34: H-25 | B34: Pool equipment room floor drainage, sump and pump-out provided; room does not flood | C34: Shared — AB / Owner's Vendor | D34: AB slab, waterproofing, drainage and sump in AB scope | E34: As-built plumbing + flood test record | I34: Subpart 6-1
A35: H-26 | B35: Piping labelled and valve chart posted in the equipment room | C35: Shared — AB / Owner's Vendor | D35: AB labels AB-installed piping; vendor labels vendor piping | E35: Photo record + valve chart | I35: Best practice / Subpart 6-1
A36: H-27 | B36: Gutter / skimmer / overflow system provided per approved design | C36: Owner's Separate Trades | D36: AB interface at deck edge | E36: Approved design | I36: Subpart 6-1
A37: D. DISINFECTION, CHEMISTRY & CHEMICAL STORAGE
A38: H-28 | B38: Automated disinfectant feeder and pH control provided; capable of maintaining required residuals | C38: Owner's Separate Trades | D38: AB power and drainage to chemical controller location | E38: Equipment submittal | I38: Subpart 6-1
A39: H-29 | B39: Automated chemical controller with ORP / pH monitoring installed where required | C39: Owner's Separate Trades | D39: AB power and low-voltage rough-in | E39: Equipment submittal | I39: Subpart 6-1
A40: H-30 | B40: Chemical storage room / area separated, ventilated, with secondary containment and no incompatible storage | C40: Shared — AB / Owner's Vendor | D40: AB constructs and ventilates the chemical storage area — MEP and finishes in AB scope | E40: Approved layout + ventilation calc | I40: Subpart 6-1 / FDNY / NYC MC
A41: H-31 | B41: Eyewash / emergency shower provided at the chemical storage area if required | C41: Shared — AB / Owner's Vendor | D41: AB plumbing scope if required | E41: Approved plumbing plan | I41: OSHA / Subpart 6-1 — VERIFY
A42: H-32 | B42: Test kit(s) appropriate to the disinfectant in use provided on site | C42: Owner's Separate Trades | D42: None | E42: Purchase record | I42: Subpart 6-1
A43: H-33 | B43: Water chemistry, temperature and clarity logs established before opening | C43: Owner's Separate Trades | D43: None | E43: Blank log sheets / digital log | I43: Subpart 6-1
A44: H-34 | B44: Spa / hot tub water temperature limited and temperature display provided | C44: Owner's Separate Trades | D44: AB power to controls | E44: Equipment submittal | I44: Subpart 6-1 — VERIFY MAX TEMP
A45: H-35 | B45: Cold plunge sanitation, filtration and turnover addressed in the approved design | C45: Owner's Separate Trades | D45: AB rough-in only | E45: Approved design | I45: Subpart 6-1
A46: E. ANTI-ENTRAPMENT & SUCTION OUTLETS (VGB)
A47: H-36 | B47: All suction outlets fitted with approved anti-entrapment covers (VGB compliant), within listing date | C47: Owner's Separate Trades | D47: None — but confirm before AB closes any access | E47: Cover certification + installation record | I47: Virginia Graeme Baker Pool & Spa Safety Act
A48: H-37 | B48: Dual drains, unblockable outlet, or approved SVRS / vent system provided as required | C48: Owner's Separate Trades | D48: AB verifies access panels preserved for future service | E48: Approved design + certification | I48: VGB Act / Subpart 6-1
A49: H-38 | B49: Emergency shut-off for pump(s) provided, clearly labelled and accessible from the pool deck | C49: Shared — AB / Owner's Vendor | D49: AB electrical scope — device location, labelling and accessibility | E49: Electrical as-built + photo | I49: Subpart 6-1
A50: H-39 | B50: Main drain visible from the deck / water clarity sufficient to see the bottom | C50: Owner's Separate Trades | D50: None | E50: Clarity test record | I50: Subpart 6-1
A51: F. SAFETY EQUIPMENT, SIGNAGE & SUPERVISION
A52: H-40 | B52: Ring buoy with line and reaching pole / shepherd's hook provided and mounted | C52: Owner's Separate Trades | D52: AB provides blocking / backing in walls where mounted | E52: Photo record | I52: Subpart 6-1
A53: H-41 | B53: First aid kit, spineboard and rescue equipment provided as required | C53: Owner's Separate Trades | D53: AB provides mounting substrate if wall-mounted | E53: Photo record | I53: Subpart 6-1
A54: H-42 | B54: Emergency telephone or communication device accessible from the pool deck | C54: Shared — AB / Owner's Vendor | D54: AB low-voltage rough-in and device location | E54: Photo record + as-built | I54: Subpart 6-1
A55: H-43 | B55: Required signage posted: capacity / bather load, pool rules, no diving, no lifeguard on duty, emergency numbers | C55: Shared — AB / Owner's Vendor | D55: AB signage scope may include fabrication and installation — confirm who supplies DOH-specific signage | E55: Signage schedule + photo record | I55: Subpart 6-1 / Art. 165
A56: H-44 | B56: Bather load / maximum capacity calculated and posted | C56: Owner / DOH Consultant | D56: Affects egress and fixture counts already built by AB — verify no conflict | E56: Capacity calculation | I56: Subpart 6-1
A57: H-45 | B57: Emergency egress from the pool room unobstructed and compliant | C57: Affect Build | D57: AB scope — doors, hardware, egress path, signage | E57: Egress plan + FDNY / DOB sign-off | I57: NYC BC / FDNY
A58: G. SANITARY FACILITIES & BATHHOUSE
A59: H-46 | B59: Toilet, lavatory and shower fixture counts meet the required ratio for the posted bather load | C59: Shared — AB / Owner's Vendor | D59: AB installs all fixtures — a shortfall is an AB rework exposure. Verify counts against DOH bather load NOW | E59: Owner / DOH Consultant calculation + AB fixture schedule | I59: Subpart 6-1 / NYC PC — VERIFY RATIOS
A60: H-47 | B60: Separate facilities provided for each sex as required (men's and women's locker rooms) | C60: Affect Build | D60: AB scope — layout per approved plans | E60: Approved architectural plan | I60: Subpart 6-1 / NYC BC
A61: H-48 | B61: Cleansing showers provided on the route from the locker rooms to the pool deck | C61: Shared — AB / Owner's Vendor | D61: AB plumbing and finish scope — verify route is enforced by the layout | E61: Approved plan + as-built | I61: Subpart 6-1
A62: H-49 | B62: Hot water provided at showers and lavatories, tempered to limit scald risk | C62: Affect Build | D62: AB scope — mixing valves and set points (4x Rheem tankless + ST-120) | E62: Commissioning record with recorded set points | I62: NYC PC — VERIFY MAX TEMP
A63: H-50 | B63: Soap and hand-drying provided at all lavatories | C63: Owner's Separate Trades | D63: AB installs dispensers if in the specialties scope | E63: Photo record | I63: Subpart 6-1 / Art. 81
A64: H-51 | B64: Floors in locker rooms, showers and toilet rooms impervious, slip-resistant, coved and sloped to drain | C64: Affect Build | D64: AB tile, waterproofing and drainage scope — core AB exposure | E64: Slope survey + COF data + flood test | I64: Subpart 6-1 / Art. 81
A65: H-52 | B65: Walls and partitions in wet areas smooth, impervious and easily cleaned to the required height | C65: Affect Build | D65: AB tile, GWB and waterproofing scope | E65: Approved finish schedule + photo record | I65: Subpart 6-1 / Art. 81
A66: H-53 | B66: Toilet partitions and benches non-absorbent and cleanable | C66: Affect Build | D66: AB specialties scope | E66: Product data | I66: Art. 81 / Subpart 6-1
A67: H-54 | B67: Locker room and toilet room ventilation / exhaust provided at the required air change rate | C67: Affect Build | D67: AB mechanical scope — ERV / exhaust fans | E67: TAB report with recorded CFM | I67: NYC MC — VERIFY ACH
A68: H-55 | B68: Drinking water available to bathers | C68: Shared — AB / Owner's Vendor | D68: AB plumbing rough-in if a fountain / filler is provided | E68: As-built plumbing | I68: Subpart 6-1
A69: H-56 | B69: Waste receptacles and cleaning / janitorial provision (mop sink) provided | C69: Affect Build | D69: AB plumbing and specialties scope | E69: As-built plumbing | I69: Art. 81
A70: H. POOL ROOM ENVIRONMENT — VENTILATION, HUMIDITY & LIGHTING
A71: H-57 | B71: Pool room mechanical ventilation and dehumidification sized per code and design (PDU-1 Dectron with dry cooler) | C71: Affect Build | D71: AB mechanical scope — a core AB deliverable and Tier 3 DFOW (D-10) | E71: Certified startup + FPT + TAB report | I71: NYC MC / ASHRAE 62.1 — VERIFY RATE
A72: H-58 | B72: Pool room maintained at negative pressure relative to adjacent spaces to control humidity and odour migration | C72: Affect Build | D72: AB mechanical scope — verify during TAB | E72: TAB report showing pressure relationship | I72: NYC MC / ASHRAE
A73: H-59 | B73: Relative humidity and space temperature control verified and documented | C73: Affect Build | D73: AB mechanical scope | E73: Commissioning record | I73: Design basis / ASHRAE
A74: H-60 | B74: Corrosion-resistant materials used throughout the pool room (ductwork, fasteners, hardware, ceiling grid, light fixtures) | C74: Affect Build | D74: AB scope across multiple trades — a common defect source in pool fitouts | E74: Product data for each material | I74: Design basis / manufacturer
A75: H-61 | B75: Deck and underwater lighting levels meet the required minimum; underwater lights bonded and GFCI protected | C75: Shared — AB / Owner's Vendor | D75: AB electrical scope for deck lighting; vendor for underwater fixtures | E75: Photometric data + electrical test record | I75: Subpart 6-1 / NEC Art. 680 — VERIFY LUX
A76: H-62 | B76: Emergency and egress lighting provided in the pool room and locker rooms | C76: Affect Build | D76: AB electrical scope — also a CGI Public Assembly inspection item | E76: Emergency lighting test record | I76: NYC BC / CGI matrix
A77: H-63 | B77: Equipotential bonding of pool shell, deck reinforcement, ladders, rails and all metal within the required distance | C77: Shared — AB / Owner's Vendor | D77: AB electrical scope for bonding grid — HOLD POINT before deck / slab cover-up | E77: Bonding continuity test record + photos | I77: NEC Art. 680
A78: H-64 | B78: No overhead electrical conductors or unapproved equipment within the prohibited zone above the pool | C78: Affect Build | D78: AB electrical and MEP coordination scope | E78: Coordination drawing + as-built | I78: NEC Art. 680
A79: I. SAUNA, STEAM & COLD PLUNGE
A80: H-65 | B80: Sauna door swings outward and is not fitted with a latch or lock that can trap an occupant | C80: Owner's Separate Trades | D80: AB verifies door hardware if AB supplies the door | E80: Hardware submittal + photo | I80: NYC BC / manufacturer
A81: H-66 | B81: Sauna heater guard, thermostat, high-limit cut-out and timer provided per manufacturer and code | C81: Owner's Separate Trades | D81: AB electrical circuit and disconnect | E81: Equipment submittal + startup record | I81: Manufacturer / NEC
A82: H-67 | B82: Sauna interior finish material approved for the application; no toxic finishes or coatings | C82: Owner's Separate Trades | D82: AB verifies no AB-applied finish enters the sauna envelope | E82: Product data | I82: Manufacturer / Art. 165
A83: H-68 | B83: Emergency call / alarm device provided in sauna and steam rooms if required | C83: Shared — AB / Owner's Vendor | D83: AB low-voltage rough-in | E83: As-built + test record | I83: VERIFY REQUIREMENT
A84: H-69 | B84: Steam room (if provided) sloped ceiling, drainage and vapour-tight construction verified | C84: Shared — AB / Owner's Vendor | D84: AB waterproofing and drainage scope at the interface | E84: Approved detail + flood test | I84: Manufacturer / Subpart 6-1
A85: H-70 | B85: Sauna, steam and plunge room floors slip-resistant and drained | C85: Shared — AB / Owner's Vendor | D85: AB tile, waterproofing and drainage scope | E85: Slope survey + COF data | I85: Subpart 6-1
A86: H-71 | B86: Maximum occupancy and use-duration signage posted for sauna, steam and cold plunge | C86: Owner's Separate Trades | D86: AB signage installation if in scope | E86: Photo record | I86: Subpart 6-1 / manufacturer
A87: H-72 | B87: Cold plunge water temperature control, disinfection and drain-down procedure documented | C87: Owner's Separate Trades | D87: AB rough-in and drainage only | E87: Approved design + O&M | I87: Subpart 6-1
A88: J. WATER SUPPLY, WASTE & CROSS-CONNECTION CONTROL
A89: H-73 | B89: Potable water supply protected from cross-connection throughout the premises | C89: Affect Build | D89: AB plumbing scope — core AB deliverable | E89: DEP backflow certification | I89: NYC PC / DEP
A90: H-74 | B90: Backflow prevention devices installed, tested and certified before occupancy | C90: Affect Build | D90: AB plumbing scope — links to Path to TCO gate D10 | E90: Certified backflow test report | I90: NYC PC / DEP
A91: H-75 | B91: Pool / spa waste and backwash discharged to sanitary sewer via approved means, not to storm | C91: Shared — AB / Owner's Vendor | D91: AB plumbing scope for the connection | E91: Approved plumbing plan + DEP approval | I91: NYC PC / DEP
A92: H-76 | B92: No direct connection between pool piping and the potable water system or the sanitary drainage system | C92: Affect Build | D92: AB plumbing scope | E92: As-built plumbing | I92: NYC PC
A93: H-77 | B93: Water heater / storage temperatures and any Legionella risk management measures addressed | C93: Shared — AB / Owner's Vendor | D93: AB installs the equipment; Owner operates. Confirm whether a water management plan is required | E93: Set-point record + plan if required | I93: ASHRAE 188 — VERIFY APPLICABILITY
A94: K. FOOD SERVICE — KITCHEN & BAR (NYC HEALTH CODE ARTICLE 81)
A95: H-78 | B95: Kitchen and bar floors, walls and ceilings smooth, non-absorbent, light-coloured and easily cleanable | C95: Affect Build | D95: AB finish scope — a core AB deliverable and a common DOH failure point | E95: Approved finish schedule + photo record | I95: Art. 81
A96: H-79 | B96: Coving provided at all floor-to-wall junctions in food preparation and storage areas | C96: Affect Build | D96: AB tile / flooring scope — verify coving detail is in the approved shop drawings | E96: Approved detail + photo record | I96: Art. 81
A97: H-80 | B97: Hand-wash sink(s) provided in the kitchen and bar, dedicated, accessible and with hot and cold water | C97: Affect Build | D97: AB plumbing scope — dedicated handwash is frequently missed at bars | E97: As-built plumbing + photo | I97: Art. 81
A98: H-81 | B98: Three-compartment sink (or approved warewashing) with drainboards provided | C98: Shared — AB / Owner's Vendor | D98: AB plumbing rough-in; equipment by Owner's kitchen vendor | E98: Equipment submittal + as-built | I98: Art. 81
A99: H-82 | B99: Mop / service sink provided and separate from food preparation sinks | C99: Affect Build | D99: AB plumbing scope | E99: As-built plumbing | I99: Art. 81
A100: H-83 | B100: Grease interceptor / trap provided and sized as required; access maintained | C100: Shared — AB / Owner's Vendor | D100: AB plumbing scope — verify sizing with the kitchen consultant | E100: Sizing calculation + as-built | I100: NYC PC / DEP
A101: H-84 | B101: Indirect waste / air gaps provided at all food equipment, ice machines and sinks as required | C101: Affect Build | D101: AB plumbing scope | E101: As-built plumbing | I101: NYC PC / Art. 81
A102: H-85 | B102: Kitchen exhaust hood, make-up air and grease duct installed and balanced (KEF-1 / MUA-1 interlocked) | C102: Affect Build | D102: AB mechanical scope — Tier 3 DFOW (D-10) | E102: TAB report + interlock test record | I102: NYC MC / FDNY / Art. 81
...

Sheet Statutory Inspections
A1: SAUNALOUNGE — STATUTORY INSPECTION & AGENCY APPROVAL LOG (DOB · FDNY · DOH · DEP · UTILITIES)
A2: Superintendent coordinates all inspections 48–72 hours in advance and records results immediately upon completion. Every inspector must sign the physical site log (see Inspector Sign-In tab). Final signed reports are compiled into the closeout package for TCO/CO issuance. (CMP §12.4, §12.6)
A4: Total | B4: =COUNTA($A$7:$A$60) -> 24 | C4: Passed | D4: =COUNTIF($I$7:$I$60,"Pass") -> 0 | E4: Failed / Re-inspect | F4: =COUNTIF($I$7:$I$60,"Fail")+COUNTIF($I$7:$I$60,"Re-inspect") -> 0 | G4: Outstanding | H4: =$B$4-COUNTIF($M$7:$M$60,"Closed") -> 24 | I4: Certificates Received | K4: =COUNTA($K$7:$K$60) -> 0
A6: ID | B6: Inspection / Approval | C6: Agency | D6: Discipline | E6: DOB NOW / Filing Ref | F6: Requested Date | G6: Scheduled Date | H6: Inspector Name | I6: Result | J6: Re-Insp. Date | K6: Certificate / Document Received | L6: Date Closed | M6: Status | N6: Linked TCO Gate | O6: Notes
A7: S-01 | B7: PW1 / PW2 permit issuance | C7: NYC DOB | D7: Permit | M7: Open | N7: A1
A8: S-02 | B8: Electrical rough inspection | C8: DOB Electrical | D8: Electrical | M8: Open | N8: D1
A9: S-03 | B9: Electrical final inspection / Certificate of Electrical Inspection | C9: DOB Electrical | D9: Electrical | M9: Open | N9: D2
A10: S-04 | B10: Con Edison energisation / energisation letter | C10: Con Edison | D10: Electrical | M10: Open | N10: D3
A11: S-05 | B11: Plumbing rough inspection — water / sanitary / vent | C11: DOB Plumbing | D11: Plumbing | M11: Open | N11: D4
A12: S-06 | B12: Gas pressure test witness — 10 psi / 15 min | C12: DOB Plumbing | D12: Gas | M12: Open | N12: D5
A13: S-07 | B13: Gas Activation Notice | C13: Con Edison / National Grid | D13: Gas | M13: Open | N13: D6
A14: S-08 | B14: DOB Boiler Unit inspection — Rheem water heaters | C14: DOB Boiler Unit | D14: Plumbing | M14: Open | N14: D7
A15: S-09 | B15: Plumbing final inspection / sign-off | C15: DOB Plumbing | D15: Plumbing | M15: Open | N15: D8
A16: S-10 | B16: DEP water meter set | C16: NYC DEP | D16: Water | M16: Open | N16: D9
A17: S-11 | B17: DEP backflow prevention device certification | C17: NYC DEP | D17: Water | M17: Open | N17: D10
A18: S-12 | B18: DEP final sewer connection approval | C18: NYC DEP | D18: Sewer | M18: Open | N18: D11
... A30: S-24 | B30: OSHA inspection (unannounced) | C30: OSHA | D30: Site Safety | M30: Open | N30: —

Sheet Special Inspections
A1: SAUNALOUNGE — SPECIAL INSPECTIONS LOG (NYC BC CHAPTER 17 · TR1 / TR2 / TR3 / TR8)
A2: Special Inspections for Tier 3 / Tier 4 DFOWs are MANDATORY HOLD POINTS — work may not advance until the report is received and uploaded to Procore. Notify the agency min. 48 hrs in advance. Every inspector must sign the physical site log. Final TR1 sign-off letter is a mandatory TCO prerequisite. (Playbook A6 / CMP §12.6)
A4: Total Events | B4: =COUNTA($A$7:$A$80) -> 36 | C4: Passed | D4: =COUNTIF($L$7:$L$80,"Pass") -> 0 | E4: Failed | F4: =COUNTIF($L$7:$L$80,"Fail") -> 0 | G4: Reports Outstanding | I4: =$B$4-COUNTA($M$7:$M$80) -> 36 | J4: Sign-In Verified | L4: =COUNTIF($K$7:$K$80,"Yes") -> 0
A6: ID | B6: Special Inspection Type | C6: Category / TR Ref | D6: Agency / Inspector Firm | E6: Frequency / Trigger | F6: DFOW Ref | G6: Location / Zone | H6: Notice Given | I6: Inspection Date | J6: Inspector Name | K6: Sign-In Log Verified | L6: Result | M6: Report Received | N6: Procore Ref | O6: NCR Raised | P6: Status | Q6: Notes
A7: SI-01 | B7: Concrete placement — pool equipment room slab | C7: TR2 / TR3 | D7: Licensed Testing Laboratory | E7: Each pour | F7: D-07 | G7: Pool equipment room | P7: Open
A8: SI-02 | B8: Concrete pre-pour rebar, embeds & formwork verification | C8: TR3 | D8: CodeGreen Inspection (CGI) | E8: Before every pour | F8: D-07 | G8: Pool equipment room | P8: Open | Q8: CGI: allow min. 2-3 days to schedule site visit
A9: SI-03 | B9: Concrete compressive strength testing (cylinder breaks) | C9: TR2 | D9: Licensed Testing Laboratory | E9: 1 set per 50 CY min. | F9: D-07 | G9: Pool equipment room | P9: Open
A10: SI-04 | B10: Excavation / support of excavation verification | C10: TR4 / TR5 | D10: CodeGreen Inspection (CGI) | E10: Before and during excavation | F10: D-08 | G10: Pool equipment room | P10: Open | Q10: CGI Structural Stability — 2 budgeted visits
A11: SI-05 | B11: Subgrade / soil bearing verification | C11: TR4 | D11: CodeGreen Inspection (CGI) | E11: Before slab placement | F11: D-08 | G11: Pool equipment room | P11: Open | Q11: CGI Structural Stability — 2 budgeted visits
A12: SI-06 | B12: Waterproofing — wet-area interface (locker rooms, showers, pool deck) | C12: TR12/13-adjacent | D12: Independent Inspector | E12: Prior to backfill / cover-up | F12: D-01 | G12: Zones A & B wet areas | P12: Open
A13: SI-07 | B13: Waterproofing interface at Owner's pool shell / sauna / cold plunge | C13: TR12/13-adjacent | D13: Independent Inspector | E13: Prior to cover-up, each interface | F13: D-02 | G13: Pool room (Zone B) | P13: Open
A14: SI-08 | B14: Firestopping of rated penetrations | C14: Ch.17 Firestop | D14: CodeGreen Inspection (CGI) | E14: Each rated penetration, before cover | F14: D-15 | G14: Whole premises | P14: Open | Q14: CGI Fire Stopping — inspector must witness installation
A15: SI-09 | B15: Mechanical systems / energy code compliance | C15: TR8 | D15: CodeGreen Inspection (CGI) | E15: At system completion | F15: D-10, D-11 | G15: Roof / Zones A & B | P15: Open | Q15: CGI Energy Code (EC) progress inspection — 3 budgeted visits
A16: SI-10 | B16: Duct leakage / pressure testing witness | C16: TR8 | D16: CodeGreen Inspection (CGI) / Collectif | E16: Each system before close-up | F16: D-11 | G16: Zones A & B | P16: Open | Q16: CGI MH Systems — 3 budgeted visits; approved HVAC balance report + equipment submittals required prior to sign-off
A17: SI-11 | B17: Mechanical ventilation / exhaust verification | C17: TR8 | D17: CodeGreen Inspection (CGI) / Collectif | E17: At system completion | F17: D-10 | G17: Zones A & B | P17: Open | Q17: CGI MH Systems — prior to installation of ceilings or other finishes
A18: SI-12 | B18: Energy code — insulation, air sealing & lighting controls | C18: TR8 | D18: CodeGreen Inspection (CGI) | E18: Progressive, before cover-up | F18: D-24 | G18: Whole premises | P18: Open | Q18: CGI Energy Code (EC) progress inspection
A19: SI-13 | B19: Sprinkler system — hydrostatic and flow testing | C19: TR1 / FDNY | D19: CodeGreen Inspection (CGI) | E19: Final acceptance | F19: D-04 | G19: Whole premises | P19: Open | Q19: CGI SP Systems hydro test — 1 budgeted visit; prior to connection of new system to building main
A20: SI-14 | B20: Fire alarm system — 100% device acceptance test | C20: TR1 / FDNY | D20: Approved Inspector | E20: Final acceptance | F20: D-03 | G20: Whole premises | P20: Open
A21: SI-15 | B21: Fire-resistance rated construction / penetrations verification | C21: Ch.17 | D21: CodeGreen Inspection (CGI) | E21: Progressive, before cover-up | F21: D-15, D-20 | G21: Whole premises | P21: Open | Q21: CGI Fire Stopping / Fire Proofing
A22: SI-16 | B22: Structural steel / miscellaneous metals connections (if in scope) | C22: TR1 | D22: CodeGreen Inspection (CGI) | E22: Each connection type | F22: D-18 | G22: Zones A & B | P22: Open
A23: SI-17 | B23: Post-installed anchors in concrete / masonry | C23: TR1 | D23: CodeGreen Inspection (CGI) | E23: Per approved frequency | F23: D-07 | G23: Zones A & B | P23: Open | Q23: CGI Post Installed Anchors — 1 budgeted visit; installers must be NYC DOB certified; inspector witnesses ALL phases
A24: SI-18 | B24: DOH Pool / Spa inspection (Owner's Separate Trades) | C24: DOH | D24: NYC DOH Inspector | E24: Prior to occupancy of pool / sauna areas | F24: — | G24: Pool room (Zone B) | P24: Open
A25: SI-19 | B25: FINAL TR1 SIGN-OFF LETTER — Special Inspection Agency | C25: TR1 Final | D25: CodeGreen Inspection (CGI) | E25: Once, all inspections closed | F25: All | G25: Whole premises | P25: Open | Q25: CGI Directive 14 final sign-off prerequisite
A26: SI-20 | B26: FINAL TR8 SIGN-OFF — Mechanical / Energy | C26: TR8 Final | D26: CodeGreen Inspection (CGI) / Collectif | E26: Once, all inspections closed | F26: All mech. | G26: Whole premises | P26: Open | Q26: CGI Energy Code final
A27: SI-21 | B27: Preliminary inspection — prior to any work being performed | C27: Ch.17 Preliminary | D27: CodeGreen Inspection (CGI) | E27: Once, before any work commences | F27: All | G27: Whole premises | P27: Open | Q27: CGI budgeted: 1 visit. Must occur PRIOR TO any work being performed
A28: SI-22 | B28: Fireproofing — spray-applied / intumescent (if in scope) | C28: Ch.17 Fireproofing | D28: CodeGreen Inspection (CGI) | E28: Progressive during application | F28: D-15 | G28: Whole premises | P28: Open | Q28: CGI Fire Proofing inspection type
A29: SI-23 | B29: Public assembly — emergency lighting & exit signs | C29: Ch.17 / Public Assembly | D29: CodeGreen Inspection (CGI) | E29: Once, after installation | F29: D-24 | G29: Whole premises | P29: Open | Q29: CGI budgeted: 0 visits — confirm scope. Space must be blacked out or inspect after dark
A30: SI-24 | B30: Directive 14 — final inspection / Owner's Statement of Construction | C30: Directive 14 (OT Construct) | D30: CodeGreen Inspection (CGI) | E30: Once, at completion of all work | F30: All | G30: Whole premises | P30: Open | Q30: CGI budgeted: 1 visit. AFTER completion of all approved work AND sign-off of all other controlled inspections
A48: CODEGREEN INSPECTION (CGI) — BUDGETED SPECIAL INSPECTION PROGRAMME | Matrix ref. 2026-0401 | Client Rep: Jeffrey Aser, Teal Development Partners (914.319.7493, jeff@tealdevelopment.com) | ALLOW MINIMUM 2–3 DAYS TO SCHEDULE A SITE VISIT
A49: # | B49: CGI Inspection Type | C49: Budgeted Visits | D49: Trigger — inspect AFTER… | E49: Constraint — must occur PRIOR TO… | F49: Visits Used | G49: Visits Remaining | H49: Notes / Conditions
A50: 1 | B50: Preliminary | C50: 1 | D50: — | E50: Any work being performed on site | G50: =IF($C50="","",$C50-N($F50)) -> 1 | H50: First CGI visit — schedule before mobilisation
A51: 2 | B51: Structural Stability | C51: 2 | D51: Approval of shop drawings / demo procedures; AND after excavation and/or exposure of any existing soils, foundation or structure to remain, and installation of all shoring / supports | E51: Removal of any structural floor slab, foundation component, structural element, and/or transfer of any permanent load to a modified structure or component | G51: =IF($C51="","",$C51-N($F51)) -> 2 | H51: Covers pool equipment room excavation and any structural modification
A52: 3 | B52: Post Installed Anchors | C52: 1 | D52: Approval of anchors, installation procedures and embedment depth | E52: Commencement of installation | G52: =IF($C52="","",$C52-N($F52)) -> 1 | H52: Inspector must witness ALL phases of installation. Installers must be certified per NYC DOB requirements
A53: 4 | B53: Fire Stopping | D53: Installation of firestop systems at rated penetrations | E53: Cover-up of any rated penetration | G53: =IF($C53="","",$C53-N($F53)) | H53: Budgeted visit count not legible on the CGI matrix — confirm with CodeGreen
A54: 5 | B54: Fire Proofing | D54: Application of spray-applied / intumescent fireproofing | E54: Enclosure or cover-up | G54: =IF($C54="","",$C54-N($F54)) | H54: Budgeted visit count not legible on the CGI matrix — confirm with CodeGreen; confirm whether in scope for this fitout
A55: 6 | B55: SP Systems (Sprinkler — hydro test) | C55: 1 | D55: Completing installation of all piping, hangers and sprinkler heads (concurrent with hydro test) | E55: Connection of the new system to the building main | G55: =IF($C55="","",$C55-N($F55)) -> 1 | H55: Coordinate with the 200 psi / 2 hr hydrostatic test (ITP T-08)
A56: 7 | B56: MH Systems (Mechanical, Heating, Chimneys) | C56: 3 | D56: Installation of equipment, ductwork, louvers, dampers, controls and piping | E56: Installation of ceilings or other finishes | G56: =IF($C56="","",$C56-N($F56)) -> 3 | H56: Approved HVAC balance report AND equipment submittals required prior to inspection sign-off
A57: 8 | B57: Energy Code (EC) — Progress Inspection | C57: 3 | D57: Installation of heating and/or mechanical equipment, lighting, exit signs, windows and other components whose performance is mandated by the Energy Code | E57: Installation of ceilings or other finishes that will hinder inspection | G57: =IF($C57="","",$C57-N($F57)) -> 3 | H57: TR8 pathway — coordinate with Collectif
A58: 9 | B58: Public Assembly — Emergency Lighting | C58: 0 | D58: Emergency lights and exit signs have been installed | E58: — | G58: =IF($C58="","",$C58-N($F58)) -> 0 | H58: Space must be blacked out, or inspection scheduled after dark. 0 visits budgeted — confirm scope
A59: 10 | B59: Directive 14 — Final (Owner's Statement of Construction) | C59: 1 | D59: Completion of ALL construction work shown on the approved drawings AND sign-off of all other controlled inspections | E59: — | G59: =IF($C59="","",$C59-N($F59)) -> 1 | H59: Final CGI visit. Prerequisite to TCO — links to Path to TCO gate B7 / G1
B60: TOTAL BUDGETED VISITS | C60: =SUM(C50:C59) -> 12 | F60: =SUM(F50:F59) -> 0 | G60: =$C$60-$F$60 -> 12

Sheet Inspector Sign-In
A1: SAUNALOUNGE — INSPECTOR SITE SIGN-IN LOG (MANDATORY)
A2: NON-NEGOTIABLE: Every inspector — DOB, FDNY, DOH, DEP, Special Inspection Agency, Testing Laboratory, OSHA — must sign in physically on arrival BEFORE conducting any inspection. Required for DOB audit defence and TCO. Maintain a bound ledger at the foreman's desk / site entry; this tab is the digital mirror. Superintendent or designated staff must escort at all times.
A4: Date | B4: Time In | C4: Time Out | D4: Inspector Printed Name | E4: Company / Firm | F4: Agency | G4: Inspection Type | H4: Area / Zone Inspected | I4: Escorted By (Affect) | J4: Result | K4: Report / Log Ref | L4: Signature Obtained | M4: Uploaded to Procore | N4: Notes

Sheet Commissioning
A1: SAUNALOUNGE — COMMISSIONING, START-UP & TURNOVER MATRIX
A2: No system is energised, started or commissioned without documented readiness: Phase 4 inspections closed, PFCs signed, controls point-to-point tested, ZERO open Tier 3/4 deficiencies, and all documentation available. Sequence: pre-functional / vendor startup → functional performance testing → documentation → re-test if required → sign-off. (Playbook A8 / CMP §9)
A4: Total Systems | B4: =COUNTA($A$7:$A$60) -> 38 | C4: FPT Complete | D4: =COUNTIF($J$7:$J$60,"Pass") -> 0 | E4: Training Complete | G4: =COUNTIF($L$7:$L$60,"Yes") -> 0 | H4: O&M Received | J4: =COUNTIF($M$7:$M$60,"Yes") -> 0 | K4: Turnover Readiness | M4: =IF($B$4=0,0,COUNTIF($P$7:$P$60,"Accepted")/$B$4) -> 0
A6: Tag | B6: System / Equipment | C6: Manufacturer / Model | D6: Scope By | E6: Location | F6: DFOW Ref | G6: Pre-Functional Checklist | H6: Vendor Startup Report | I6: Point-to-Point / Controls | J6: Functional Perf. Test | K6: TAB Required | L6: Training Delivered | M6: O&M Manual | N6: Warranty Letter | O6: As-Built / Record Dwg | P6: Status | Q6: Notes
A7: RT-1 | B7: Rooftop heat pump — 15 ton with 30 kW electric heat | C7: Thermotek | D7: Affect Build | E7: Roof | F7: D-10 | K7: Yes | P7: Not Started
A8: PDU-1 | B8: Pool room air conditioning unit with outdoor dry cooler | C8: Dectron | D8: Affect Build | E8: Pool room (Zone B) / Roof | F8: D-10 | K8: Yes | P8: Not Started
A9: ERV-1 | B9: Energy recovery ventilator | C9: Valent / Fantech | D9: Affect Build | E9: Roof / Zone A | F9: D-10 | K9: Yes | P9: Not Started
A10: ERV-2 | B10: Energy recovery ventilator | C10: Valent / Fantech | D10: Affect Build | E10: Roof / Zone B | F10: D-10 | K10: Yes | P10: Not Started
A11: AC-1 | B11: Split system air conditioning unit | C11: Mitsubishi | D11: Affect Build | E11: Zone A | F11: D-10 | K11: Yes | P11: Not Started
A12: AC-2 | B12: Split system air conditioning unit | C12: Mitsubishi | D12: Affect Build | E12: Zone A | F12: D-10 | K12: Yes | P12: Not Started
A13: AC-3 | B13: Split system air conditioning unit | C13: Mitsubishi | D13: Affect Build | E13: Zone A | F13: D-10 | K13: Yes | P13: Not Started
A14: AC-4 | B14: Split system air conditioning unit | C14: Mitsubishi | D14: Affect Build | E14: Zone B | F14: D-10 | K14: Yes | P14: Not Started
A15: AC-5 | B15: Split system air conditioning unit | C15: Mitsubishi | D15: Affect Build | E15: Zone B | F15: D-10 | K15: Yes | P15: Not Started
A16: MUA-1 | B16: Make-up air unit | C16: Greenheck | D16: Affect Build | E16: Roof | F16: D-10 | K16: Yes | P16: Not Started
A17: KEF-1 | B17: Kitchen exhaust fan | C17: Greenheck | D17: Affect Build | E17: Roof / Kitchen | F17: D-10 | K17: Yes | P17: Not Started
A18: EF / SF | B18: Exhaust and supply fans (general) | C18: Greenheck | D18: Affect Build | E18: Roof / Zones A & B | F18: D-10 | K18: Yes | P18: Not Started
... A44: KITCH | B44: Kitchen equipment package | C44: Owner's Vendor | D44: Owner's Separate Trades (§12.4) | E44: Kitchen | F44: — | K44: No | P44: Not Started

Sheet Submittals & Mockups
A1: SAUNALOUNGE — SUBMITTAL, SAMPLE & MOCK-UP REGISTER
A2: No fabrication or procurement begins prior to written approval. Review cross-checks specification compliance, code compliance and coordination with adjacent systems. Mock-ups authorise release of full production — no production begins until the mock-up is formally signed off. Typical A/E review 10–14 calendar days. (CMP §8.5 / Playbook A4, A5.5)
A4: Total | B4: =COUNTA($A$7:$A$80) -> 39 | C4: Approved | D4: =COUNTIF($L$7:$L$80,"Approved")+COUNTIF($L$7:$L$80,"Approved as Noted") -> 0 | E4: Rejected / Revise | G4: =COUNTIF($L$7:$L$80,"Revise & Resubmit")+COUNTIF($L$7:$L$80,"Rejected") -> 0 | H4: Outstanding | I4: =$B$4-$D$4 -> 39 | J4: Long-Lead Items | L4: =COUNTIF($G$7:$G$80,"Yes") -> 8
A6: ID | B6: Spec / CSI Section | C6: Submittal Description | D6: Type | E6: DFOW Ref | F6: Responsible Sub / Vendor | G6: Long Lead | H6: Required On Site | I6: Date Submitted | J6: Reviewer | K6: Date Returned | L6: Review Status | M6: Released for Fab. | N6: Mock-Up Sign-Off Date | O6: Status | P6: Notes
A7: SUB-001 | B7: 23 00 00 | C7: HVAC equipment package — RT-1, PDU-1, ERV-1/2, AC-1 to AC-5 (Exhibit C early release) | D7: Product Data | E7: D-10 | F7: Mechanical Sub | G7: Yes | J7: Collectif | O7: Open
A8: SUB-002 | B8: 23 31 00 | C8: Ductwork shop drawings — Zones A & B | D8: Shop Drawing | E8: D-11 | F8: Mechanical Sub | G8: No | J8: Collectif | O8: Open
A9: SUB-003 | B9: 23 23 00 | C9: Refrigerant piping layout and specialties | D9: Shop Drawing | E9: D-12 | F9: Mechanical Sub | G9: No | J9: Collectif | O9: Open
A10: SUB-004 | B10: 26 20 00 | C10: Switchgear, panelboards and distribution — SWBD-1, MP-1, KP-1, LP-1, RP-1 | D10: Product Data | E10: D-05 | F10: Electrical Sub | G10: Yes | J10: Collectif | O10: Open
A11: SUB-005 | B11: 26 09 00 | C11: Lighting controls / dimming system (Exhibit G allowance) | D11: Shop Drawing | E11: D-24 | F11: Electrical Sub | G11: No | J11: Collectif | O11: Open
A12: SUB-006 | B12: 26 50 00 | C12: Lighting fixture package | D12: Product Data | E12: D-24 | F12: Electrical Sub | G12: Yes | J12: Colberg Architecture | O12: Open
A13: SUB-007 | B13: 28 31 00 | C13: Fire alarm shop drawings, device layout and riser diagram | D13: Shop Drawing | E13: D-03 | F13: Fire Alarm Sub | G13: No | J13: Collectif | O13: Open
A14: SUB-008 | B14: 21 13 00 | C14: Fire sprinkler hydraulic calculations and shop drawings (87 heads) | D14: Shop Drawing | E14: D-04 | F14: Sprinkler Sub | G14: No | J14: Collectif | O14: Open
A15: SUB-009 | B15: 22 33 00 | C15: Domestic hot water — 4x Rheem tankless + ST-120 storage tank | D15: Product Data | E15: D-09 | F15: Plumbing Sub | G15: Yes | J15: Collectif | O15: Open
A16: SUB-010 | B16: 22 40 00 | C16: Plumbing fixtures and trim (incl. Kohler finish substitution per RFI) | D16: Product Data | E16: D-13 | F16: Plumbing Sub | G16: No | J16: Colberg Architecture | O16: Open
A17: SUB-011 | B17: 22 11 19 | C17: Backflow prevention device and DEP certification package | D17: Product Data | E17: D-13 | F17: Plumbing Sub | G17: No | J17: Collectif | O17: Open
A18: SUB-012 | B18: — | C18: Suitemate water extractor — voltage substitution (per RFI) | D18: Product Data | E18: D-13 | F18: Plumbing Sub | G18: No | J18: Collectif | O18: Open
... A45: MU-08 | B45: 09 64 00 | C45: MOCK-UP — Wood flooring accent panel at pool / lounge | D45: Mock-Up | E45: D-29 | F45: Flooring Sub | G45: No | J45: Q-Team + Architect | O45: Open

Sheet Checklist
A1: SAUNALOUNGE — DFOW / INSPECTION TYPE MATRIX | B1: INSPECTION
B2: Control Sample | C2: First Delivery | D2: Benchmark | E2: Mock-up | F2: Checklist | G2: Handover | H2: Q-Team Sign-off | I2: Quality Control
B3: ⬜ | C3: ⬜ | D3: ⬜ | H3: ⬜ | I3: ⬜
B4: ⬜ | C4: ⬜ | D4: ⬜ | H4: ⬜ | I4: ⬜
B5: ⬜ | C5: ⬜ | D5: ⬜ | H5: ⬜ | I5: ⬜
B6: ⬜ | C6: ⬜ | D6: ⬜ | H6: ⬜ | I6: ⬜
B7: ⬜ | C7: ⬜ | D7: ⬜ | H7: ⬜ | I7: ⬜
B8: ⬜ | C8: ⬜ | D8: ⬜ | H8: ⬜ | I8: ⬜
B9: ⬜ | C9: ⬜ | D9: ⬜ | H9: ⬜ | I9: ⬜
B10: ⬜ | C10: ⬜ | D10: ⬜ | H10: ⬜ | I10: ⬜
B11: ⬜ | C11: ⬜ | D11: ⬜ | H11: ⬜ | I11: ⬜
B12: ⬜ | C12: ⬜ | D12: ⬜ | H12: ⬜ | I12: ⬜
B13: ⬜ | C13: ⬜ | D13: ⬜ | H13: ⬜ | I13: ⬜
B14: ⬜ | C14: ⬜ | D14: ⬜ | H14: ⬜ | I14: ⬜
... B16: ⬜ | C16: ⬜ | D16: ⬜ | H16: ⬜ | I16: ⬜
A18: Waterproofing
A19: Waterproofing interface with pool
A20: Concrete
A21: Self-Levelling
A24: Tile Material
A25: TL 1
A26: TL 2
A27: TL 3
A28: Tile Install
A29: TL 1
A30: TL 2
A31: TL 3
... A51: Pre Concrete Pour

Sheet Sample Size
A1: Inspection Sample Size Chart with Guidance
A3: How to Use This Inspection Sample Size Chart This chart provides guidance on how many units (or how much area/length) to inspect when full inspection isn’t practical.
A6: Step 1: Determine Quantity Type - Count, SF, or LF based on the scope.
A7: Step 2: Find the Range - Match your total installed quantity with the closest range.
A8: Step 3: Apply the Sample Size - Use recommended units or percentages spread across locations.
A9: Step 4: Scale Up if Issues Found - Double sample or inspect 100% if defects found.
A11: Note on Standards
A12: This chart aligns with the principles of ANSI/ASQ Z1.4 and ISO 2859-1 but is simplified for construction QA/QC use.
A15: Quantity Type | B15: Quantity Range | C15: Square Footage Equivalent | D15: Recommended Sample Size | E15: Typical Use Case
A16: Count | B16: 1–8 items | C16: N/A | D16: 100% (all) | E16: Fixtures, doors, fire extinguishers
A17: Count | B17: 9–25 items | C17: N/A | D17: 5 | E17: Appliances, windows, casework units
A18: Count | B18: 26–50 items | C18: N/A | D18: 8 | E18: Electrical devices, hardware
A19: Count | B19: 51–90 items | C19: N/A | D19: 13 | E19: Backing, anchors, devices
A20: Count | B20: 91–150 items | C20: N/A | D20: 20 | E20: Light fixtures, support hangers
A21: Count | B21: 151–280 items | C21: N/A | D21: 32 | E21: Fasteners, brackets
A22: Count | B22: 281–500 items | C22: N/A | D22: 50 | E22: Small MEP accessories
A23: Square Footage | B23: 0–200 SF | C23: 0–200 SF | D23: 100% | E23: Patching, small rooms
A24: Square Footage | B24: 201–500 SF | C24: 201–500 SF | D24: 10–20% or 1 sample / 50 SF | E24: Waterproofing, flooring mockups
A25: Square Footage | B25: 501–1,000 SF | C25: 501–1,000 SF | D25: 10% or 1 sample / 75 SF | E25: Tiling, GWB, concrete flatwork
A26: Square Footage | B26: 1,001–5,000 SF | C26: 1,001–5,000 SF | D26: 5–10% | E26: Traffic coatings, roofing membrane
... A32: Linear Footage | B32: 5,001+ LF | C32: N/A | D32: 2–3% | E32: Exterior caulking, firestopping

Sheet FlowChart
C3: Type | D3: Requirement | E3: Expectation | F3: Tool / Format | G3: Sign-Off | H3: Stored Where
C4: First Delivery Inspection | D4: Inspect first shipment of materials for type, spec compliance, and damage | E4: Materials match approved submittals before use | F4: Procore Inspection Checklist | G4: Superintendent + Subcontractor | H4: Procore > Inspections
C5: Material Handover | D5: Documenting Affect purchased materials to installer. Ex. Door hardware, bathroom accessories, Kitchen cabinets. | E5: Log trade partner acceptance/rejection of materials. Scan in signed ticked with Affect countersign. | F5: Procore Documents Tool | G5: Superintendent + Subcontractor | H5: Procore Documents Tool / Sharepoint
C6: Benchmark Inspection | D6: First installation of any repeated system (e.g. walls, ceilings, facade, MEP) | E6: Reviewed by Q-Team to establish project quality standard | F6: Procore Inspection + Benchmark Form | G6: Q-Team incl. Architect/Owner | H6: Procore > Benchmarks / PDF binder
C7: Mock-Up Review | D7: Construct mock-ups for key finishes or assemblies (tile, millwork, facade) | E7: Review for workmanship and aesthetic prior to repeated work | F7: In-field physical sample + photo log | G7: Architect / Client Rep | H7: Onsite + Procore Photo Documentation
C8: Non-Conformance Report (NCR) | D8: Documented deviation from plans/specs or unacceptable workmanship | E8: Issued immediately, tracked to closure | F8: Procore Observations Tool | G8: Superintendent / PM | H8: Procore > Observations
C9: Control Samples | D9: Keep one sample of each approved material onsite | E9: Used as reference for quality and installation checks | F9: Stored physically in labeled plastic box | G9: — | H9: Site Office Sample Bin
C10: Punchlist Walks | D10: Final completion walkthrough for trade and general scopes | E10: Deficiency list generated in detail and issued per trade | F10: Procore Punchlist Tool | G10: PM / Architect / Client | H10: Procore > Punchlists
C11: Monthly QA Review | D11: Review completed vs. missed benchmarks | E11: Ensure compliance, identify areas of risk or inaction | F11: Internal Project Schedule / QA Log | G11: PM / Superintendent | H11: Project Folder / QA Dashboard

Sheet NCR Log
A1: SAUNALOUNGE — OBSERVATION / NON-CONFORMANCE REPORT (NCR) LOG
A2: ALL QUALITY ISSUES LIVE IN PROCORE. Seven-step process: Identify (same day) → Issue (24 hrs) → Tag (same day) → Root Cause (48 hrs) → Corrective Action (48 hrs) → Verification → Closure. A missed First Work Review, a rejected material left on site, or work past a Hold Point without sign-off are all NCR events. NCR items must be closed before the next progress billing is approved. (Playbook A7 / CMP §8.7)
A4: Total Raised | B4: =COUNTA($A$7:$A$60) -> 0 | C4: Open | D4: =COUNTIF($T$7:$T$60,"Open")+COUNTIF($T$7:$T$60,"In Progress") -> 0 | E4: Closed | F4: =COUNTIF($T$7:$T$60,"Closed") -> 0 | G4: Overdue | H4: {=SUMPRODUCT(($P$7:$P$60<>"")*($R$7:$R$60="")*($P$7:$P$60<TODAY()))} -> 0 | I4: Avg Days to Close | K4: =IFERROR(AVERAGEIFS($S$7:$S$60,$T$7:$T$60,"Closed"),"—") -> —
A6: NCR # | B6: Date Raised | C6: Type | D6: Raised By | E6: DFOW Ref | F6: Trade / Subcontractor | G6: Location / Zone | H6: Description of Non-Conformance | I6: Spec / Submittal Ref | J6: Photos in Procore | K6: Physically Tagged | L6: Root Cause Received | M6: Contributing Cause Category | N6: Corrective Action Plan | O6: Resolution | P6: Target Close Date | Q6: Verified By | R6: Date Closed | S6: Days Open | T6: Status | U6: Notes
S7: =IF($B7="","",IF($R7<>"",$R7-$B7,TODAY()-$B7))
S8: =IF($B8="","",IF($R8<>"",$R8-$B8,TODAY()-$B8))
S9: =IF($B9="","",IF($R9<>"",$R9-$B9,TODAY()-$B9))
S10: =IF($B10="","",IF($R10<>"",$R10-$B10,TODAY()-$B10))
S11: =IF($B11="","",IF($R11<>"",$R11-$B11,TODAY()-$B11))
S12: =IF($B12="","",IF($R12<>"",$R12-$B12,TODAY()-$B12))
S13: =IF($B13="","",IF($R13<>"",$R13-$B13,TODAY()-$B13))
S14: =IF($B14="","",IF($R14<>"",$R14-$B14,TODAY()-$B14))
S15: =IF($B15="","",IF($R15<>"",$R15-$B15,TODAY()-$B15))
S16: =IF($B16="","",IF($R16<>"",$R16-$B16,TODAY()-$B16))
S17: =IF($B17="","",IF($R17<>"",$R17-$B17,TODAY()-$B17))
S18: =IF($B18="","",IF($R18<>"",$R18-$B18,TODAY()-$B18))
... S60: =IF($B60="","",IF($R60<>"",$R60-$B60,TODAY()-$B60))

Sheet Punch & RCL Log
A1: SAUNALOUNGE — PUNCH LIST & ROLLING COMPLETION LIST (RCL)
A2: Punch is NOT Quality Control — punch confirms readiness. ZERO PUNCH is the objective. Four-phase process: A Trade Self-Punch (mandatory gate) → B Affect Build Review → C Owner / A/E Walk (SC gate) → D Back Punch (final close). Response within 2 working days; standard correction within 5 working days; life-safety / occupancy-impacting items within 48 hours. No retainage release for any trade until their punch items are fully closed and Superintendent-verified. (Playbook A9 / D-K)
A4: Total Items | B4: =COUNTA($A$7:$A$80) -> 0 | C4: Open | D4: =COUNTIF($P$7:$P$80,"Open")+COUNTIF($P$7:$P$80,"In Progress") -> 0 | E4: Closed | F4: =COUNTIF($P$7:$P$80,"Closed") -> 0 | G4: Life Safety Items Open | I4: {=SUMPRODUCT(($H$7:$H$80="Yes")*($P$7:$P$80<>"Closed")*($A$7:$A$80<>""))} -> 0 | J4: Aged > 7 Days | L4: =COUNTIF($N$7:$N$80,">7") -> 0 | M4: % Closed | N4: =IF($B$4=0,0,$F$4/$B$4) -> 0
A6: Item # | B6: Date Raised | C6: Phase | D6: Area / Room | E6: Trade / Subcontractor | F6: Description | G6: Classification | H6: Life Safety / Occupancy Impact | I6: Assigned To | J6: Response Due | K6: Target Correction | L6: Date Corrected | M6: Verified By | N6: Days Open | O6: Date Closed | P6: Status | Q6: Notes
J7: =IF($B7="","",WORKDAY($B7,2)) | K7: =IF($B7="","",IF($H7="Yes",$B7+2,WORKDAY($B7,5))) | N7: =IF($B7="","",IF($O7<>"",$O7-$B7,TODAY()-$B7))
J8: =IF($B8="","",WORKDAY($B8,2)) | K8: =IF($B8="","",IF($H8="Yes",$B8+2,WORKDAY($B8,5))) | N8: =IF($B8="","",IF($O8<>"",$O8-$B8,TODAY()-$B8))
J9: =IF($B9="","",WORKDAY($B9,2)) | K9: =IF($B9="","",IF($H9="Yes",$B9+2,WORKDAY($B9,5))) | N9: =IF($B9="","",IF($O9<>"",$O9-$B9,TODAY()-$B9))
J10: =IF($B10="","",WORKDAY($B10,2)) | K10: =IF($B10="","",IF($H10="Yes",$B10+2,WORKDAY($B10,5))) | N10: =IF($B10="","",IF($O10<>"",$O10-$B10,TODAY()-$B10))
J11: =IF($B11="","",WORKDAY($B11,2)) | K11: =IF($B11="","",IF($H11="Yes",$B11+2,WORKDAY($B11,5))) | N11: =IF($B11="","",IF($O11<>"",$O11-$B11,TODAY()-$B11))
J12: =IF($B12="","",WORKDAY($B12,2)) | K12: =IF($B12="","",IF($H12="Yes",$B12+2,WORKDAY($B12,5))) | N12: =IF($B12="","",IF($O12<>"",$O12-$B12,TODAY()-$B12))
J13: =IF($B13="","",WORKDAY($B13,2)) | K13: =IF($B13="","",IF($H13="Yes",$B13+2,WORKDAY($B13,5))) | N13: =IF($B13="","",IF($O13<>"",$O13-$B13,TODAY()-$B13))
J14: =IF($B14="","",WORKDAY($B14,2)) | K14: =IF($B14="","",IF($H14="Yes",$B14+2,WORKDAY($B14,5))) | N14: =IF($B14="","",IF($O14<>"",$O14-$B14,TODAY()-$B14))
J15: =IF($B15="","",WORKDAY($B15,2)) | K15: =IF($B15="","",IF($H15="Yes",$B15+2,WORKDAY($B15,5))) | N15: =IF($B15="","",IF($O15<>"",$O15-$B15,TODAY()-$B15))
J16: =IF($B16="","",WORKDAY($B16,2)) | K16: =IF($B16="","",IF($H16="Yes",$B16+2,WORKDAY($B16,5))) | N16: =IF($B16="","",IF($O16<>"",$O16-$B16,TODAY()-$B16))
J17: =IF($B17="","",WORKDAY($B17,2)) | K17: =IF($B17="","",IF($H17="Yes",$B17+2,WORKDAY($B17,5))) | N17: =IF($B17="","",IF($O17<>"",$O17-$B17,TODAY()-$B17))
J18: =IF($B18="","",WORKDAY($B18,2)) | K18: =IF($B18="","",IF($H18="Yes",$B18+2,WORKDAY($B18,5))) | N18: =IF($B18="","",IF($O18<>"",$O18-$B18,TODAY()-$B18))
... J80: =IF($B80="","",WORKDAY($B80,2)) | K80: =IF($B80="","",IF($H80="Yes",$B80+2,WORKDAY($B80,5))) | N80: =IF($B80="","",IF($O80<>"",$O80-$B80,TODAY()-$B80))

Sheet Excavation
A1: SAUNALOUNGE — QUALITY CONTROL CHECKLIST: EXCAVATION
A2: PROJECT | C2: JOB NUMBER | E2: DOB JOB NUMBER | G2: CSI CODE | I2: DFOW REF | J2: DFOW RISK TIER
A3: SaunaLounge — 45 South 3rd Street, Ground Floor, Brooklyn NY 11249 | G3: 31 20 00 | I3: D-08 | J3: Tier 3
A4: LOCATION / ZONE | C4: SUBCONTRACTOR | E4: FOREMAN | G4: PHASE OF CONTROL | I4: INSPECTED BY | J4: INSPECTION DATE
A5: Pool equipment room
A6: CHECKLIST STATUS | C6: Items | D6: =COUNTA($B$8:$B$26) -> 19 | E6: Pass | F6: =COUNTIF($G$8:$G$26,"Pass") -> 0 | G6: Fail | H6: =COUNTIF($G$8:$G$26,"Fail") -> 0 | I6: % Complete | J6: =IF($D$6=0,0,($F$6+COUNTIF($G$8:$G$26,"N/A"))/$D$6) -> 0
A7: # | B7: Checklist Item | C7: Req'd | D7: Rec'd | E7: Prepped | F7: Installed | G7: Result | H7: Date | I7: Inspected By | J7: Photo Ref | K7: Comments / Corrective Action
A8: 1 | B8: Soil information report is on job and reviewed
A9: 2 | B9: Note elevation of water table
A10: 3 | B10: Monuments and stakes are located
A11: 4 | B11: Utilities to remain are located, staked and protected
A12: 5 | B12: Verify utility companies have been notified
A13: 6 | B13: Shoring and underpinning is provided if required
A14: 7 | B14: Spillage of soil on streets removed for public safety
A15: 8 | B15: Provide public safety: fences, barricades, etc.
A16: 9 | B16: Excavating does not cause unusual rutting
A17: 10 | B17: Drainage is provided continuously
A18: 11 | B18: Are well points required?
A19: 12 | B19: Drainage ditches are maintained
... A26: 19 | B26: Waterproofing protected during backfilling
A28: Q-TEAM SIGN-OFF — All Fail items must be closed via the NCR Log before this checklist is signed. File in Procore.
A29: Superintendent (Affect Build) | D29: Trade Foreman | G29: Architect / Owner's Rep | J29: Date

Sheet Concrete Formwork
A1: SAUNALOUNGE — QUALITY CONTROL CHECKLIST: CONCRETE FORMWORK
A2: PROJECT | C2: JOB NUMBER | E2: DOB JOB NUMBER | G2: CSI CODE | I2: DFOW REF | J2: DFOW RISK TIER
A3: SaunaLounge — 45 South 3rd Street, Ground Floor, Brooklyn NY 11249 | G3: 03 10 00 | I3: D-07 | J3: Tier 3
A4: LOCATION / ZONE | C4: SUBCONTRACTOR | E4: FOREMAN | G4: PHASE OF CONTROL | I4: INSPECTED BY | J4: INSPECTION DATE
A5: Pool equipment room
A6: CHECKLIST STATUS | C6: Items | D6: =COUNTA($B$8:$B$32) -> 25 | E6: Pass | F6: =COUNTIF($G$8:$G$32,"Pass") -> 0 | G6: Fail | H6: =COUNTIF($G$8:$G$32,"Fail") -> 0 | I6: % Complete | J6: =IF($D$6=0,0,($F$6+COUNTIF($G$8:$G$32,"N/A"))/$D$6) -> 0
A7: # | B7: Checklist Item | C7: Req'd | D7: Rec'd | E7: Prepped | F7: Installed | G7: Result | H7: Date | I7: Inspected By | J7: Photo Ref | K7: Comments / Corrective Action
A8: 1 | B8: Location, dimension and grades as required
A9: 2 | B9: Re-used formwork reconditioned and treated
A10: 3 | B10: Formwork treatment compatible with other materials
A11: 4 | B11: Provide mortar-tight condition, free from offsets
A12: 5 | B12: Formwork provides structural sections
A13: 6 | B13: End forms deepened as required for pipes, conduits, etc.
A14: 7 | B14: Forms provide for depressed slab, cut-outs, curbs
A15: 8 | B15: Sleeves for piping and conduits are as required
A16: 9 | B16: Provisions made for anchors, hangers and bucks
A17: 10 | B17: Verify number and location of cleanouts and ports
A18: 11 | B18: Cleanouts provided at ends and low points of forms
A19: 12 | B19: Ports are provided in high forms
... A32: 25 | B32: Verify removal of temporary spreaders
A34: Q-TEAM SIGN-OFF — All Fail items must be closed via the NCR Log before this checklist is signed. File in Procore.
A35: Superintendent (Affect Build) | D35: Trade Foreman | G35: Architect / Owner's Rep | J35: Date

Sheet Conc Reinforcement
A1: SAUNALOUNGE — QUALITY CONTROL CHECKLIST: CONC REINFORCEMENT
A2: PROJECT | C2: JOB NUMBER | E2: DOB JOB NUMBER | G2: CSI CODE | I2: DFOW REF | J2: DFOW RISK TIER
A3: SaunaLounge — 45 South 3rd Street, Ground Floor, Brooklyn NY 11249 | G3: 03 20 00 | I3: D-07 | J3: Tier 3
A4: LOCATION / ZONE | C4: SUBCONTRACTOR | E4: FOREMAN | G4: PHASE OF CONTROL | I4: INSPECTED BY | J4: INSPECTION DATE
A5: Pool equipment room
A6: CHECKLIST STATUS | C6: Items | D6: =COUNTA($B$8:$B$33) -> 26 | E6: Pass | F6: =COUNTIF($G$8:$G$33,"Pass") -> 0 | G6: Fail | H6: =COUNTIF($G$8:$G$33,"Fail") -> 0 | I6: % Complete | J6: =IF($D$6=0,0,($F$6+COUNTIF($G$8:$G$33,"N/A"))/$D$6) -> 0
A7: # | B7: Checklist Item | C7: Req'd | D7: Rec'd | E7: Prepped | F7: Installed | G7: Result | H7: Date | I7: Inspected By | J7: Photo Ref | K7: Comments / Corrective Action
A8: 1 | B8: Grade of steel delivered as required
A9: 2 | B9: Spacing coordinated to suit masonry units
A10: 3 | B10: Required clearance of steel from forms provided
A11: 4 | B11: Length of splices and staggering of splices as required
A12: 5 | B12: Bends within radii and tolerance are uniformly made
A13: 6 | B13: Additional bars at intersections, openings and corners
A14: 7 | B14: Bars cleaned of material that might reduce bond
A15: 8 | B15: Dowels for marginal bars at wall ends and openings
A16: 9 | B16: Beam bars spliced near supports for bottom steel
A17: 10 | B17: Splice near midspan for top steel
A18: 11 | B18: No bent bars and tension members installed
A19: 12 | B19: Vertical bars at wall ends set inside horizontal bars
... A33: 26 | B33: Cantilever reinforcement — proper placement
A35: Q-TEAM SIGN-OFF — All Fail items must be closed via the NCR Log before this checklist is signed. File in Procore.
A36: Superintendent (Affect Build) | D36: Trade Foreman | G36: Architect / Owner's Rep | J36: Date

Sheet CIP Concrete
A1: SAUNALOUNGE — QUALITY CONTROL CHECKLIST: CIP CONCRETE
A2: PROJECT | C2: JOB NUMBER | E2: DOB JOB NUMBER | G2: CSI CODE | I2: DFOW REF | J2: DFOW RISK TIER
A3: SaunaLounge — 45 South 3rd Street, Ground Floor, Brooklyn NY 11249 | G3: 03 30 00 | I3: D-07 | J3: Tier 3
A4: LOCATION / ZONE | C4: SUBCONTRACTOR | E4: FOREMAN | G4: PHASE OF CONTROL | I4: INSPECTED BY | J4: INSPECTION DATE
A5: Pool equipment room
A6: CHECKLIST STATUS | C6: Items | D6: =COUNTA($B$8:$B$35) -> 28 | E6: Pass | F6: =COUNTIF($G$8:$G$35,"Pass") -> 0 | G6: Fail | H6: =COUNTIF($G$8:$G$35,"Fail") -> 0 | I6: % Complete | J6: =IF($D$6=0,0,($F$6+COUNTIF($G$8:$G$35,"N/A"))/$D$6) -> 0
A7: # | B7: Checklist Item | C7: Req'd | D7: Rec'd | E7: Prepped | F7: Installed | G7: Result | H7: Date | I7: Inspected By | J7: Photo Ref | K7: Comments / Corrective Action
A8: 1 | B8: Approval of forms and rebar prior to pour
A9: 2 | B9: Requirements for tests, mix design, ingredients confirmed
A10: 3 | B10: Test lab notified prior to pour
A11: 4 | B11: Testing is arranged at plant and site
A12: 5 | B12: Foundations are free of frost and water
A13: 6 | B13: Previously placed concrete properly prepared for new
A14: 7 | B14: Vibrators and stand-by vibrators are available
A15: 8 | B15: Temporary form openings, tremies and chutes provided
A16: 9 | B16: Pockets are vented to prevent air entrapment
A17: 10 | B17: Sub-base and capillary fills compacted
A18: 11 | B18: Arrange for specified curing and sawed joints
A19: 12 | B19: Arrange for cold weather protection if needed
... A35: 28 | B35: Slopes are provided to properly drain
A37: Q-TEAM SIGN-OFF — All Fail items must be closed via the NCR Log before this checklist is signed. File in Procore.
A38: Superintendent (Affect Build) | D38: Trade Foreman | G38: Architect / Owner's Rep | J38: Date

Sheet Precast Concrete
A1: SAUNALOUNGE — QUALITY CONTROL CHECKLIST: PRECAST CONCRETE
A2: PROJECT | C2: JOB NUMBER | E2: DOB JOB NUMBER | G2: CSI CODE | I2: DFOW REF | J2: DFOW RISK TIER
A3: SaunaLounge — 45 South 3rd Street, Ground Floor, Brooklyn NY 11249 | G3: 03 40 00 | I3: D-07 | J3: Tier 3
A4: LOCATION / ZONE | C4: SUBCONTRACTOR | E4: FOREMAN | G4: PHASE OF CONTROL | I4: INSPECTED BY | J4: INSPECTION DATE
A5: Not in current scope — retained for scope changes
A6: CHECKLIST STATUS | C6: Items | D6: =COUNTA($B$8:$B$28) -> 21 | E6: Pass | F6: =COUNTIF($G$8:$G$28,"Pass") -> 0 | G6: Fail | H6: =COUNTIF($G$8:$G$28,"Fail") -> 0 | I6: % Complete | J6: =IF($D$6=0,0,($F$6+COUNTIF($G$8:$G$28,"N/A"))/$D$6) -> 0
A7: # | B7: Checklist Item | C7: Req'd | D7: Rec'd | E7: Prepped | F7: Installed | G7: Result | H7: Date | I7: Inspected By | J7: Photo Ref | K7: Comments / Corrective Action
A8: 1 | B8: Required samples for finish, anchors, reinforcement
A9: 2 | B9: Test procedure established for fabricator
A10: 3 | B10: Special items and conditions understood
A11: 4 | B11: Mock-up provided and approved
A12: 5 | B12: Structural support items located and installed
A13: 6 | B13: Check anchors and fasteners for type of metal and size
A14: 7 | B14: Material protected by shields during welding
A15: 8 | B15: Joint and panel alignment within tolerance
A16: 9 | B16: Back-up caulk, cement and materials are non-staining
A17: 10 | B17: Joint caulking and sealing as required
A18: 11 | B18: Flexible gaskets for joints are properly sealed
A19: 12 | B19: Caulking checked for type, color and method
... A28: 21 | B28: Protection provided during cleaning
A30: Q-TEAM SIGN-OFF — All Fail items must be closed via the NCR Log before this checklist is signed. File in Procore.
A31: Superintendent (Affect Build) | D31: Trade Foreman | G31: Architect / Owner's Rep | J31: Date

Sheet Unit Masonry
A1: SAUNALOUNGE — QUALITY CONTROL CHECKLIST: UNIT MASONRY
A2: PROJECT | C2: JOB NUMBER | E2: DOB JOB NUMBER | G2: CSI CODE | I2: DFOW REF | J2: DFOW RISK TIER
A3: SaunaLounge — 45 South 3rd Street, Ground Floor, Brooklyn NY 11249 | G3: 04 20 00 | I3: D-19 | J3: Tier 2
A4: LOCATION / ZONE | C4: SUBCONTRACTOR | E4: FOREMAN | G4: PHASE OF CONTROL | I4: INSPECTED BY | J4: INSPECTION DATE
A5: Zone A — glass block / CMU
A6: CHECKLIST STATUS | C6: Items | D6: =COUNTA($B$8:$B$38) -> 31 | E6: Pass | F6: =COUNTIF($G$8:$G$38,"Pass") -> 0 | G6: Fail | H6: =COUNTIF($G$8:$G$38,"Fail") -> 0 | I6: % Complete | J6: =IF($D$6=0,0,($F$6+COUNTIF($G$8:$G$38,"N/A"))/$D$6) -> 0
A7: # | B7: Checklist Item | C7: Req'd | D7: Rec'd | E7: Prepped | F7: Installed | G7: Result | H7: Date | I7: Inspected By | J7: Photo Ref | K7: Comments / Corrective Action
A8: 1 | B8: Approved shop drawings are on site
A9: 2 | B9: Approved samples are on site or evidenced
A10: 3 | B10: Mortar mix and ingredients approved
A11: 4 | B11: Sample panels provided and approved
A12: 5 | B12: Materials stored off ground and covered
A13: 6 | B13: Concrete masonry units are not wet
A14: 7 | B14: Reinforcement: type, size, splicing and spacing
A15: 8 | B15: Do not allow excessive bending of rebar
A16: 9 | B16: Pipes, sleeves and boxes located
A17: 10 | B17: No shovel measures for job-mixed grout
A18: 11 | B18: Climatic and temperature conditions are suitable
A19: 12 | B19: Adequate lighting provided for good workmanship
... A38: 31 | B38: Backfilling after proper curing and support
A40: Q-TEAM SIGN-OFF — All Fail items must be closed via the NCR Log before this checklist is signed. File in Procore.
A41: Superintendent (Affect Build) | D41: Trade Foreman | G41: Architect / Owner's Rep | J41: Date

Sheet Metal Deck
A1: SAUNALOUNGE — QUALITY CONTROL CHECKLIST: METAL DECK
A2: PROJECT | C2: JOB NUMBER | E2: DOB JOB NUMBER | G2: CSI CODE | I2: DFOW REF | J2: DFOW RISK TIER
A3: SaunaLounge — 45 South 3rd Street, Ground Floor, Brooklyn NY 11249 | G3: 05 31 00 | I3: D-18 | J3: Tier 2
A4: LOCATION / ZONE | C4: SUBCONTRACTOR | E4: FOREMAN | G4: PHASE OF CONTROL | I4: INSPECTED BY | J4: INSPECTION DATE
A5: Not in current scope — retained for scope changes
A6: CHECKLIST STATUS | C6: Items | D6: =COUNTA($B$8:$B$37) -> 30 | E6: Pass | F6: =COUNTIF($G$8:$G$37,"Pass") -> 0 | G6: Fail | H6: =COUNTIF($G$8:$G$37,"Fail") -> 0 | I6: % Complete | J6: =IF($D$6=0,0,($F$6+COUNTIF($G$8:$G$37,"N/A"))/$D$6) -> 0
A7: # | B7: Checklist Item | C7: Req'd | D7: Rec'd | E7: Prepped | F7: Installed | G7: Result | H7: Date | I7: Inspected By | J7: Photo Ref | K7: Comments / Corrective Action
A8: 1 | B8: Material approved type, shapes, gauge and size
A9: 2 | B9: Approved samples are on job if required
A10: 3 | B10: Review approved decking layout submissions
A11: 4 | B11: Material is properly stored on site and protected
A12: 5 | B12: All accessory items are furnished and approved type
A13: 6 | B13: Welding inspection by testing laboratory if required
A14: 7 | B14: Welders are certified if required
A15: 8 | B15: Sequence of fastening is performed
A16: 9 | B16: Closures at edges are provided as required
A17: 10 | B17: Decking in contact with beams; proper tack welds
A18: 11 | B18: Observe tabs and hangers for equipment and ceilings
A19: 12 | B19: Coordination with sheet metal, roofing, insulation, electrical
... A37: 30 | B37: Record all damaged panels
A39: Q-TEAM SIGN-OFF — All Fail items must be closed via the NCR Log before this checklist is signed. File in Procore.
A40: Superintendent (Affect Build) | D40: Trade Foreman | G40: Architect / Owner's Rep | J40: Date

Sheet Slab on Grade
A1: SAUNALOUNGE — QUALITY CONTROL CHECKLIST: SLAB ON GRADE
A2: PROJECT | C2: JOB NUMBER | E2: DOB JOB NUMBER | G2: CSI CODE | I2: DFOW REF | J2: DFOW RISK TIER
A3: SaunaLounge — 45 South 3rd Street, Ground Floor, Brooklyn NY 11249 | G3: 03 30 00 | I3: D-07 | J3: Tier 3
A4: LOCATION / ZONE | C4: SUBCONTRACTOR | E4: FOREMAN | G4: PHASE OF CONTROL | I4: INSPECTED BY | J4: INSPECTION DATE
A5: Pool equipment room / BOH
A6: CHECKLIST STATUS | C6: Items | D6: =COUNTA($B$8:$B$26) -> 19 | E6: Pass | F6: =COUNTIF($G$8:$G$26,"Pass") -> 0 | G6: Fail | H6: =COUNTIF($G$8:$G$26,"Fail") -> 0 | I6: % Complete | J6: =IF($D$6=0,0,($F$6+COUNTIF($G$8:$G$26,"N/A"))/$D$6) -> 0
A7: # | B7: Checklist Item | C7: Req'd | D7: Rec'd | E7: Prepped | F7: Installed | G7: Result | H7: Date | I7: Inspected By | J7: Photo Ref | K7: Comments / Corrective Action
A8: 1 | B8: Mix design approved
A9: 2 | B9: Curing compounds (if any) compatible with finishes
A10: 3 | B10: Finishing method provides for tolerances specified
A11: 4 | B11: Forms and reinforcement approved prior to placement
A12: 5 | B12: Underground / under-slab utilities in place
A13: 6 | B13: Elevations, alignment and support checked during pour
A14: 7 | B14: Sub-grade fine graded and compacted
A15: 8 | B15: Required box-outs, openings and haunches in place
A16: 9 | B16: Properly sloped to drains
A17: 10 | B17: Testing arranged and testing agency notified
A18: 11 | B18: Obtain water at site
A19: 12 | B19: Arrange for cold weather protection if needed
... A26: 19 | B26: Wet spray or moist curing adequately performed
A28: Q-TEAM SIGN-OFF — All Fail items must be closed via the NCR Log before this checklist is signed. File in Procore.
A29: Superintendent (Affect Build) | D29: Trade Foreman | G29: Architect / Owner's Rep | J29: Date

Sheet Slab on Deck
A1: SAUNALOUNGE — QUALITY CONTROL CHECKLIST: SLAB ON DECK
A2: PROJECT | C2: JOB NUMBER | E2: DOB JOB NUMBER | G2: CSI CODE | I2: DFOW REF | J2: DFOW RISK TIER
A3: SaunaLounge — 45 South 3rd Street, Ground Floor, Brooklyn NY 11249 | G3: 03 30 00 | I3: D-07 | J3: Tier 3
A4: LOCATION / ZONE | C4: SUBCONTRACTOR | E4: FOREMAN | G4: PHASE OF CONTROL | I4: INSPECTED BY | J4: INSPECTION DATE
A5: Not in current scope — retained for scope changes
A6: CHECKLIST STATUS | C6: Items | D6: =COUNTA($B$8:$B$20) -> 13 | E6: Pass | F6: =COUNTIF($G$8:$G$20,"Pass") -> 0 | G6: Fail | H6: =COUNTIF($G$8:$G$20,"Fail") -> 0 | I6: % Complete | J6: =IF($D$6=0,0,($F$6+COUNTIF($G$8:$G$20,"N/A"))/$D$6) -> 0
A7: # | B7: Checklist Item | C7: Req'd | D7: Rec'd | E7: Prepped | F7: Installed | G7: Result | H7: Date | I7: Inspected By | J7: Photo Ref | K7: Comments / Corrective Action
A8: 1 | B8: Pour stops and reinforcement approved prior to placement
A9: 2 | B9: Decking, studs and flashing complete
A10: 3 | B10: Under-slab utilities in place
A11: 4 | B11: Required box-outs, openings and haunches in place
A12: 5 | B12: Bolts and loose items properly located and installed
A13: 6 | B13: Mesh size and gauge as required; flat sheets; proper lap
A14: 7 | B14: Arrange for cold weather protection if needed
A15: 8 | B15: Area of placement free of frost and water
A16: 9 | B16: Decks blown off
A17: 10 | B17: Elevations, alignment and support checked during pour
A18: 11 | B18: Properly sloped to drains
A19: 12 | B19: Curing compound applied
A20: 13 | B20: Date and location of pour(s) recorded
A22: Q-TEAM SIGN-OFF — All Fail items must be closed via the NCR Log before this checklist is signed. File in Procore.
A23: Superintendent (Affect Build) | D23: Trade Foreman | G23: Architect / Owner's Rep | J23: Date

Sheet Waterproofing
A1: SAUNALOUNGE — QUALITY CONTROL CHECKLIST: WATERPROOFING
A2: PROJECT | C2: JOB NUMBER | E2: DOB JOB NUMBER | G2: CSI CODE | I2: DFOW REF | J2: DFOW RISK TIER
A3: SaunaLounge — 45 South 3rd Street, Ground Floor, Brooklyn NY 11249 | G3: 07 10 00 | I3: D-01 / D-02 | J3: Tier 4
A4: LOCATION / ZONE | C4: SUBCONTRACTOR | E4: FOREMAN | G4: PHASE OF CONTROL | I4: INSPECTED BY | J4: INSPECTION DATE
A5: Zones A & B — all wet areas, pool interface
A6: CHECKLIST STATUS | C6: Items | D6: =COUNTA($B$8:$B$34) -> 27 | E6: Pass | F6: =COUNTIF($G$8:$G$34,"Pass") -> 0 | G6: Fail | H6: =COUNTIF($G$8:$G$34,"Fail") -> 0 | I6: % Complete | J6: =IF($D$6=0,0,($F$6+COUNTIF($G$8:$G$34,"N/A"))/$D$6) -> 0
A7: # | B7: Checklist Item | C7: Req'd | D7: Rec'd | E7: Prepped | F7: Installed | G7: Result | H7: Date | I7: Inspected By | J7: Photo Ref | K7: Comments / Corrective Action
A8: 1 | B8: Approved submittal, product data and warranty terms on site
A9: 2 | B9: Manufacturer's certified applicator confirmed and documented
A10: 3 | B10: Substrate clean, dry, sound and within moisture tolerance
A11: 4 | B11: Moisture testing of substrate performed and recorded
A12: 5 | B12: Ambient and substrate temperature within manufacturer's limits
A13: 6 | B13: Cracks, honeycomb and voids repaired prior to application
A14: 7 | B14: Cove and fillet detailing at all floor-to-wall transitions
A15: 8 | B15: Corners, changes of plane and control joints reinforced
A16: 9 | B16: Primer applied at specified rate and cure time observed
A17: 10 | B17: Membrane thickness / wet mil thickness verified and logged
A18: 11 | B18: Reinforcing fabric embedded at all detail locations
A19: 12 | B19: All penetrations (drains, sleeves, anchors) sealed and detailed
... A34: 27 | B34: Warranty documentation issued and filed for closeout
A36: Q-TEAM SIGN-OFF — All Fail items must be closed via the NCR Log before this checklist is signed. File in Procore.
A37: Superintendent (Affect Build) | D37: Trade Foreman | G37: Architect / Owner's Rep | J37: Date

Sheet Drywall Framing
A1: SAUNALOUNGE — QUALITY CONTROL CHECKLIST: DRYWALL FRAMING
A2: PROJECT | C2: JOB NUMBER | E2: DOB JOB NUMBER | G2: CSI CODE | I2: DFOW REF | J2: DFOW RISK TIER
A3: SaunaLounge — 45 South 3rd Street, Ground Floor, Brooklyn NY 11249 | G3: 09 22 00 | I3: D-18 | J3: Tier 2
A4: LOCATION / ZONE | C4: SUBCONTRACTOR | E4: FOREMAN | G4: PHASE OF CONTROL | I4: INSPECTED BY | J4: INSPECTION DATE
A5: Zones A & B
A6: CHECKLIST STATUS | C6: Items | D6: =COUNTA($B$8:$B$35) -> 28 | E6: Pass | F6: =COUNTIF($G$8:$G$35,"Pass") -> 0 | G6: Fail | H6: =COUNTIF($G$8:$G$35,"Fail") -> 0 | I6: % Complete | J6: =IF($D$6=0,0,($F$6+COUNTIF($G$8:$G$35,"N/A"))/$D$6) -> 0
A7: # | B7: Checklist Item | C7: Req'd | D7: Rec'd | E7: Prepped | F7: Installed | G7: Result | H7: Date | I7: Inspected By | J7: Photo Ref | K7: Comments / Corrective Action
A8: 1 | B8: Material is stored in dry location
A9: 2 | B9: Material does not overload floor system
A10: 3 | B10: Materials galvanized where exposed to damp conditions
A11: 4 | B11: Studs are doubled up at jambs
A12: 5 | B12: Reinforced and heavy gauge studs as required
A13: 6 | B13: Studs allow for movement: shrinkage, slab deflection
A14: 7 | B14: Studs securely anchored to walls and columns
A15: 8 | B15: Studs securely anchored to floor plates
A16: 9 | B16: Soundproofing provided at floors and walls as required
A17: 10 | B17: Locations, layout and plumbness are verified
A18: 11 | B18: Channel stiffeners are provided as required
A19: 12 | B19: Special fastening and connection accuracy observed
... A35: 28 | B35: Wood is dry to avoid nail pops due to shrinkage
A37: Q-TEAM SIGN-OFF — All Fail items must be closed via the NCR Log before this checklist is signed. File in Procore.
A38: Superintendent (Affect Build) | D38: Trade Foreman | G38: Architect / Owner's Rep | J38: Date

Sheet Drywall Board
A1: SAUNALOUNGE — QUALITY CONTROL CHECKLIST: DRYWALL BOARD
A2: PROJECT | C2: JOB NUMBER | E2: DOB JOB NUMBER | G2: CSI CODE | I2: DFOW REF | J2: DFOW RISK TIER
A3: SaunaLounge — 45 South 3rd Street, Ground Floor, Brooklyn NY 11249 | G3: 09 29 00 | I3: D-20 | J3: Tier 2
A4: LOCATION / ZONE | C4: SUBCONTRACTOR | E4: FOREMAN | G4: PHASE OF CONTROL | I4: INSPECTED BY | J4: INSPECTION DATE
A5: Zones A & B
A6: CHECKLIST STATUS | C6: Items | D6: =COUNTA($B$8:$B$35) -> 28 | E6: Pass | F6: =COUNTIF($G$8:$G$35,"Pass") -> 0 | G6: Fail | H6: =COUNTIF($G$8:$G$35,"Fail") -> 0 | I6: % Complete | J6: =IF($D$6=0,0,($F$6+COUNTIF($G$8:$G$35,"N/A"))/$D$6) -> 0
A7: # | B7: Checklist Item | C7: Req'd | D7: Rec'd | E7: Prepped | F7: Installed | G7: Result | H7: Date | I7: Inspected By | J7: Photo Ref | K7: Comments / Corrective Action
A8: 1 | B8: Type, thickness, length and edges are as required
A9: 2 | B9: Type of fastener, length and spacing as required
A10: 3 | B10: Installation complies with manufacturer's requirements
A11: 4 | B11: Special type used for damp locations if required
A12: 5 | B12: Special lengths are provided if required
A13: 6 | B13: Verify if horizontal or critical application is required
A14: 7 | B14: Wallboard is installed with staggered application
A15: 8 | B15: Internal and external metal corners as required
A16: 9 | B16: Number of coatings required is provided
A17: 10 | B17: Sanding between coats is performed
A18: 11 | B18: Feathering is out 12 in. to 16 in.
A19: 12 | B19: Provide air circulation with adequate dry heat
... A35: 28 | B35: Refer to US Gypsum Handbook for good practices
A37: Q-TEAM SIGN-OFF — All Fail items must be closed via the NCR Log before this checklist is signed. File in Procore.
A38: Superintendent (Affect Build) | D38: Trade Foreman | G38: Architect / Owner's Rep | J38: Date

Sheet Firestopping
A1: SAUNALOUNGE — QUALITY CONTROL CHECKLIST: FIRESTOPPING
A2: PROJECT | C2: JOB NUMBER | E2: DOB JOB NUMBER | G2: CSI CODE | I2: DFOW REF | J2: DFOW RISK TIER
A3: SaunaLounge — 45 South 3rd Street, Ground Floor, Brooklyn NY 11249 | G3: 07 84 00 | I3: D-15 | J3: Tier 3
A4: LOCATION / ZONE | C4: SUBCONTRACTOR | E4: FOREMAN | G4: PHASE OF CONTROL | I4: INSPECTED BY | J4: INSPECTION DATE
A5: Whole premises — all rated penetrations
A6: CHECKLIST STATUS | C6: Items | D6: =COUNTA($B$8:$B$29) -> 22 | E6: Pass | F6: =COUNTIF($G$8:$G$29,"Pass") -> 0 | G6: Fail | H6: =COUNTIF($G$8:$G$29,"Fail") -> 0 | I6: % Complete | J6: =IF($D$6=0,0,($F$6+COUNTIF($G$8:$G$29,"N/A"))/$D$6) -> 0
A7: # | B7: Checklist Item | C7: Req'd | D7: Rec'd | E7: Prepped | F7: Installed | G7: Result | H7: Date | I7: Inspected By | J7: Photo Ref | K7: Comments / Corrective Action
A8: 1 | B8: Approved UL listed systems schedule on site for all conditions
A9: 2 | B9: Correct UL system selected for each penetration type
A10: 3 | B10: Installer trained / certified per manufacturer requirements
A11: 4 | B11: Annular space within listed system tolerances
A12: 5 | B12: Penetrating item type and size matches listed system
A13: 6 | B13: Backing / packing material correct type and compression
A14: 7 | B14: Depth of sealant verified against listed system
A15: 8 | B15: Sealant / mortar / wrap product within shelf life
A16: 9 | B16: Substrate clean and free of dust, oil and moisture
A17: 10 | B17: Sleeves installed and correctly sized where required
A18: 11 | B18: Cast-in devices installed to correct depth and orientation
A19: 12 | B19: Head-of-wall joints firestopped to correct detail
... A29: 22 | B29: Firestop log maintained and uploaded to Procore
A31: Q-TEAM SIGN-OFF — All Fail items must be closed via the NCR Log before this checklist is signed. File in Procore.
A32: Superintendent (Affect Build) | D32: Trade Foreman | G32: Architect / Owner's Rep | J32: Date

Sheet Metal Frames
A1: SAUNALOUNGE — QUALITY CONTROL CHECKLIST: METAL FRAMES
A2: PROJECT | C2: JOB NUMBER | E2: DOB JOB NUMBER | G2: CSI CODE | I2: DFOW REF | J2: DFOW RISK TIER
A3: SaunaLounge — 45 South 3rd Street, Ground Floor, Brooklyn NY 11249 | G3: 08 11 13 | I3: D-21 | J3: Tier 2
A4: LOCATION / ZONE | C4: SUBCONTRACTOR | E4: FOREMAN | G4: PHASE OF CONTROL | I4: INSPECTED BY | J4: INSPECTION DATE
A5: Whole premises
A6: CHECKLIST STATUS | C6: Items | D6: =COUNTA($B$8:$B$24) -> 17 | E6: Pass | F6: =COUNTIF($G$8:$G$24,"Pass") -> 0 | G6: Fail | H6: =COUNTIF($G$8:$G$24,"Fail") -> 0 | I6: % Complete | J6: =IF($D$6=0,0,($F$6+COUNTIF($G$8:$G$24,"N/A"))/$D$6) -> 0
A7: # | B7: Checklist Item | C7: Req'd | D7: Rec'd | E7: Prepped | F7: Installed | G7: Result | H7: Date | I7: Inspected By | J7: Photo Ref | K7: Comments / Corrective Action
A8: 1 | B8: Fabrication and construction of frames as required
A9: 2 | B9: Smooth joints welded if required
A10: 3 | B10: Gauge, size, straightness and features as required
A11: 4 | B11: Frames are pre-braced if required
A12: 5 | B12: Extra reinforcement at head, corners and hardware
A13: 6 | B13: Adequate provisions made to receive hardware
A14: 7 | B14: Proper type and number of anchors are provided
A15: 8 | B15: Verify adequate anchorage made during installation
A16: 9 | B16: Sound deadening treatment is provided if required
A17: 10 | B17: Fire-rated frames have labels and proper identification
A18: 11 | B18: Light/sound-proof and lead-lined frames as required
A19: 12 | B19: Provide features such as silencer holes if required
... A24: 17 | B24: Priming or factory finish is provided
A26: Q-TEAM SIGN-OFF — All Fail items must be closed via the NCR Log before this checklist is signed. File in Procore.
A27: Superintendent (Affect Build) | D27: Trade Foreman | G27: Architect / Owner's Rep | J27: Date

Sheet Metal Doors
A1: SAUNALOUNGE — QUALITY CONTROL CHECKLIST: METAL DOORS
A2: PROJECT | C2: JOB NUMBER | E2: DOB JOB NUMBER | G2: CSI CODE | I2: DFOW REF | J2: DFOW RISK TIER
A3: SaunaLounge — 45 South 3rd Street, Ground Floor, Brooklyn NY 11249 | G3: 08 11 13 | I3: D-21 | J3: Tier 2
A4: LOCATION / ZONE | C4: SUBCONTRACTOR | E4: FOREMAN | G4: PHASE OF CONTROL | I4: INSPECTED BY | J4: INSPECTION DATE
A5: Whole premises
A6: CHECKLIST STATUS | C6: Items | D6: =COUNTA($B$8:$B$32) -> 25 | E6: Pass | F6: =COUNTIF($G$8:$G$32,"Pass") -> 0 | G6: Fail | H6: =COUNTIF($G$8:$G$32,"Fail") -> 0 | I6: % Complete | J6: =IF($D$6=0,0,($F$6+COUNTIF($G$8:$G$32,"N/A"))/$D$6) -> 0
A7: # | B7: Checklist Item | C7: Req'd | D7: Rec'd | E7: Prepped | F7: Installed | G7: Result | H7: Date | I7: Inspected By | J7: Photo Ref | K7: Comments / Corrective Action
A8: 1 | B8: Doors are as approved — size, type and design
A9: 2 | B9: Check panel, lights, louvers and features
A10: 3 | B10: Check defects: dents, buckles and warps
A11: 4 | B11: Fabrication, construction and workmanship
A12: 5 | B12: Smooth edges and joints, finish and straightness
A13: 6 | B13: Additional reinforcement provided for hardware
A14: 7 | B14: Observe backing plates during drilling operations
A15: 8 | B15: Observe that closure channels are provided
A16: 9 | B16: Provisions to receive hardware are adequate
A17: 10 | B17: Observe type of factory-installed hardware
A18: 11 | B18: Backset is matched to finish hardware
A19: 12 | B19: Stile edges and astragals required for pairs of doors
... A32: 25 | B32: Bumper buttons installed
A34: Q-TEAM SIGN-OFF — All Fail items must be closed via the NCR Log before this checklist is signed. File in Procore.
A35: Superintendent (Affect Build) | D35: Trade Foreman | G35: Architect / Owner's Rep | J35: Date

Sheet Doors & Hardware
A1: SAUNALOUNGE — QUALITY CONTROL CHECKLIST: DOORS & HARDWARE
A2: PROJECT | C2: JOB NUMBER | E2: DOB JOB NUMBER | G2: CSI CODE | I2: DFOW REF | J2: DFOW RISK TIER
A3: SaunaLounge — 45 South 3rd Street, Ground Floor, Brooklyn NY 11249 | G3: 08 71 00 | I3: D-21 | J3: Tier 2
A4: LOCATION / ZONE | C4: SUBCONTRACTOR | E4: FOREMAN | G4: PHASE OF CONTROL | I4: INSPECTED BY | J4: INSPECTION DATE
A5: Whole premises
A6: CHECKLIST STATUS | C6: Items | D6: =COUNTA($B$8:$B$29) -> 22 | E6: Pass | F6: =COUNTIF($G$8:$G$29,"Pass") -> 0 | G6: Fail | H6: =COUNTIF($G$8:$G$29,"Fail") -> 0 | I6: % Complete | J6: =IF($D$6=0,0,($F$6+COUNTIF($G$8:$G$29,"N/A"))/$D$6) -> 0
A7: # | B7: Checklist Item | C7: Req'd | D7: Rec'd | E7: Prepped | F7: Installed | G7: Result | H7: Date | I7: Inspected By | J7: Photo Ref | K7: Comments / Corrective Action
A8: 1 | B8: Approved door, frame and hardware schedule on site
A9: 2 | B9: Hardware delivered, inventoried and stored securely
A10: 3 | B10: Hardware matches approved schedule and keying plan
A11: 4 | B11: Fire-rated assemblies carry correct labels (door, frame, hardware)
A12: 5 | B12: Frame anchorage type and count per approved detail
A13: 6 | B13: Frames set plumb, level and square within tolerance
A14: 7 | B14: Rough openings sized correctly and blocking present
A15: 8 | B15: Undercut and floor clearance per detail and code
A16: 9 | B16: Hinge quantity and size correct for door weight
A17: 10 | B17: Closers adjusted for opening force per ADA requirements
A18: 11 | B18: Panic and exit devices operate freely and latch positively
A19: 12 | B19: Door hold-open devices interfaced to fire alarm and tested
... A29: 22 | B29: Hardware O&M and warranty documentation submitted
A31: Q-TEAM SIGN-OFF — All Fail items must be closed via the NCR Log before this checklist is signed. File in Procore.
A32: Superintendent (Affect Build) | D32: Trade Foreman | G32: Architect / Owner's Rep | J32: Date

Sheet Tile & Stone
A1: SAUNALOUNGE — QUALITY CONTROL CHECKLIST: TILE & STONE
A2: PROJECT | C2: JOB NUMBER | E2: DOB JOB NUMBER | G2: CSI CODE | I2: DFOW REF | J2: DFOW RISK TIER
A3: SaunaLounge — 45 South 3rd Street, Ground Floor, Brooklyn NY 11249 | G3: 09 30 00 | I3: D-14 | J3: Tier 3
A4: LOCATION / ZONE | C4: SUBCONTRACTOR | E4: FOREMAN | G4: PHASE OF CONTROL | I4: INSPECTED BY | J4: INSPECTION DATE
A5: Zones A & B — pool, lockers, showers, lounge, bar, kitchen
A6: CHECKLIST STATUS | C6: Items | D6: =COUNTA($B$8:$B$31) -> 24 | E6: Pass | F6: =COUNTIF($G$8:$G$31,"Pass") -> 0 | G6: Fail | H6: =COUNTIF($G$8:$G$31,"Fail") -> 0 | I6: % Complete | J6: =IF($D$6=0,0,($F$6+COUNTIF($G$8:$G$31,"N/A"))/$D$6) -> 0
A7: # | B7: Checklist Item | C7: Req'd | D7: Rec'd | E7: Prepped | F7: Installed | G7: Result | H7: Date | I7: Inspected By | J7: Photo Ref | K7: Comments / Corrective Action
A8: 1 | B8: Approved samples and mock-up signed off before production
A9: 2 | B9: Tile / stone type, size, finish and lot verified against approval
A10: 3 | B10: Material inspected for damage, warpage and shade variation
A11: 4 | B11: Substrate flatness within specified tolerance for tile size
A12: 5 | B12: Waterproofing membrane complete, flood tested and signed off
A13: 6 | B13: Movement joints located per TCNA / EJ171 and detail
A14: 7 | B14: Setting materials and grout per approved submittal
A15: 8 | B15: Mortar coverage verified by periodic tile pull-up test
A16: 9 | B16: Back-buttering performed where required for large format
A17: 10 | B17: Layout established from control lines; dry layout reviewed
A18: 11 | B18: Cuts sized to avoid slivers; symmetry maintained
A19: 12 | B19: Slope to drains verified before and after setting
... A31: 24 | B31: Final clean complete with no residue or haze
A33: Q-TEAM SIGN-OFF — All Fail items must be closed via the NCR Log before this checklist is signed. File in Procore.
A34: Superintendent (Affect Build) | D34: Trade Foreman | G34: Architect / Owner's Rep | J34: Date

Sheet Resilient Flooring
A1: SAUNALOUNGE — QUALITY CONTROL CHECKLIST: RESILIENT FLOORING
A2: PROJECT | C2: JOB NUMBER | E2: DOB JOB NUMBER | G2: CSI CODE | I2: DFOW REF | J2: DFOW RISK TIER
A3: SaunaLounge — 45 South 3rd Street, Ground Floor, Brooklyn NY 11249 | G3: 09 65 00 | I3: D-27 | J3: Tier 2
A4: LOCATION / ZONE | C4: SUBCONTRACTOR | E4: FOREMAN | G4: PHASE OF CONTROL | I4: INSPECTED BY | J4: INSPECTION DATE
A5: BOH / Zone A
A6: CHECKLIST STATUS | C6: Items | D6: =COUNTA($B$8:$B$35) -> 28 | E6: Pass | F6: =COUNTIF($G$8:$G$35,"Pass") -> 0 | G6: Fail | H6: =COUNTIF($G$8:$G$35,"Fail") -> 0 | I6: % Complete | J6: =IF($D$6=0,0,($F$6+COUNTIF($G$8:$G$35,"N/A"))/$D$6) -> 0
A7: # | B7: Checklist Item | C7: Req'd | D7: Rec'd | E7: Prepped | F7: Installed | G7: Result | H7: Date | I7: Inspected By | J7: Photo Ref | K7: Comments / Corrective Action
A8: 1 | B8: Certificates and affidavits have been received
A9: 2 | B9: Samples are on site, if required
A10: 3 | B10: Type, pattern and color of material is as approved
A11: 4 | B11: Primer, adhesive or cement is as required
A12: 5 | B12: Base complies with approvals
A13: 6 | B13: Containers labeled, sealed and unopened
A14: 7 | B14: Boxes inspected for damage in transit
A15: 8 | B15: Floor material is stored at proper temperature
A16: 9 | B16: Pre-formed corners and end stops are provided
A17: 10 | B17: Proper sequence with other trades
A18: 11 | B18: All areas are cleaned before installation
A19: 12 | B19: On slabs, surfaces are primed if required
... A35: 28 | B35: Verify compatibility with floor hardener
A37: Q-TEAM SIGN-OFF — All Fail items must be closed via the NCR Log before this checklist is signed. File in Procore.
A38: Superintendent (Affect Build) | D38: Trade Foreman | G38: Architect / Owner's Rep | J38: Date

Sheet ACT Ceilings
A1: SAUNALOUNGE — QUALITY CONTROL CHECKLIST: ACT CEILINGS
A2: PROJECT | C2: JOB NUMBER | E2: DOB JOB NUMBER | G2: CSI CODE | I2: DFOW REF | J2: DFOW RISK TIER
A3: SaunaLounge — 45 South 3rd Street, Ground Floor, Brooklyn NY 11249 | G3: 09 51 00 | I3: D-25 | J3: Tier 2
A4: LOCATION / ZONE | C4: SUBCONTRACTOR | E4: FOREMAN | G4: PHASE OF CONTROL | I4: INSPECTED BY | J4: INSPECTION DATE
A5: Zones A & B
A6: CHECKLIST STATUS | C6: Items | D6: =COUNTA($B$8:$B$27) -> 20 | E6: Pass | F6: =COUNTIF($G$8:$G$27,"Pass") -> 0 | G6: Fail | H6: =COUNTIF($G$8:$G$27,"Fail") -> 0 | I6: % Complete | J6: =IF($D$6=0,0,($F$6+COUNTIF($G$8:$G$27,"N/A"))/$D$6) -> 0
A7: # | B7: Checklist Item | C7: Req'd | D7: Rec'd | E7: Prepped | F7: Installed | G7: Result | H7: Date | I7: Inspected By | J7: Photo Ref | K7: Comments / Corrective Action
A8: 1 | B8: Above-ceiling MEP coordination inspection signed off (HOLD POINT)
A9: 2 | B9: All above-ceiling work tested, inspected and labelled
A10: 3 | B10: Ceiling height and datum verified against reflected ceiling plan
A11: 4 | B11: Grid layout matches RCP; borders symmetrical
A12: 5 | B12: Suspension wires plumb, spacing per spec, 4 twists minimum
A13: 6 | B13: Independent support for light fixtures and diffusers
A14: 7 | B14: Seismic / lateral bracing per detail where required
A15: 8 | B15: Perimeter angle level within tolerance
A16: 9 | B16: Grid level within 1/8 in. in 10 ft
A17: 10 | B17: Panel type, edge detail and finish per approved submittal
A18: 11 | B18: Panels handled with clean gloves; no soiling or damage
A19: 12 | B19: Access panels located per coordination and accessible
... A27: 20 | B27: Attic stock quantity delivered to Owner
A29: Q-TEAM SIGN-OFF — All Fail items must be closed via the NCR Log before this checklist is signed. File in Procore.
A30: Superintendent (Affect Build) | D30: Trade Foreman | G30: Architect / Owner's Rep | J30: Date

Sheet Millwork & Casework
A1: SAUNALOUNGE — QUALITY CONTROL CHECKLIST: MILLWORK & CASEWORK
A2: PROJECT | C2: JOB NUMBER | E2: DOB JOB NUMBER | G2: CSI CODE | I2: DFOW REF | J2: DFOW RISK TIER
A3: SaunaLounge — 45 South 3rd Street, Ground Floor, Brooklyn NY 11249 | G3: 06 40 00 | I3: D-16 | J3: Tier 3
A4: LOCATION / ZONE | C4: SUBCONTRACTOR | E4: FOREMAN | G4: PHASE OF CONTROL | I4: INSPECTED BY | J4: INSPECTION DATE
A5: Zones A & B — lockers, reception, bar, coat check, kitchen
A6: CHECKLIST STATUS | C6: Items | D6: =COUNTA($B$8:$B$31) -> 24 | E6: Pass | F6: =COUNTIF($G$8:$G$31,"Pass") -> 0 | G6: Fail | H6: =COUNTIF($G$8:$G$31,"Fail") -> 0 | I6: % Complete | J6: =IF($D$6=0,0,($F$6+COUNTIF($G$8:$G$31,"N/A"))/$D$6) -> 0
A7: # | B7: Checklist Item | C7: Req'd | D7: Rec'd | E7: Prepped | F7: Installed | G7: Result | H7: Date | I7: Inspected By | J7: Photo Ref | K7: Comments / Corrective Action
A8: 1 | B8: Approved shop drawings and finish samples on site
A9: 2 | B9: Field dimensions verified before fabrication (VIF)
A10: 3 | B10: First article / shop visit review completed and signed off
A11: 4 | B11: Material species, grade and core per approved submittal
A12: 5 | B12: AWI / manufacturer quality grade confirmed
A13: 6 | B13: Delivered units inspected for damage, warp and finish defects
A14: 7 | B14: Moisture content of wood within specified range
A15: 8 | B15: Site conditions acclimatised before installation
A16: 9 | B16: Blocking and in-wall backing verified before close-in
A17: 10 | B17: Anchorage type and count per detail; secure to structure
A18: 11 | B18: Units installed plumb, level and square
A19: 12 | B19: Scribes, fillers and reveals consistent and tight
... A31: 24 | B31: O&M, warranty and attic stock provided
A33: Q-TEAM SIGN-OFF — All Fail items must be closed via the NCR Log before this checklist is signed. File in Procore.
A34: Superintendent (Affect Build) | D34: Trade Foreman | G34: Architect / Owner's Rep | J34: Date

Sheet Painting
A1: SAUNALOUNGE — QUALITY CONTROL CHECKLIST: PAINTING
A2: PROJECT | C2: JOB NUMBER | E2: DOB JOB NUMBER | G2: CSI CODE | I2: DFOW REF | J2: DFOW RISK TIER
A3: SaunaLounge — 45 South 3rd Street, Ground Floor, Brooklyn NY 11249 | G3: 09 90 00 | I3: D-28 | J3: Tier 1
A4: LOCATION / ZONE | C4: SUBCONTRACTOR | E4: FOREMAN | G4: PHASE OF CONTROL | I4: INSPECTED BY | J4: INSPECTION DATE
A5: Whole premises
A6: CHECKLIST STATUS | C6: Items | D6: =COUNTA($B$8:$B$26) -> 19 | E6: Pass | F6: =COUNTIF($G$8:$G$26,"Pass") -> 0 | G6: Fail | H6: =COUNTIF($G$8:$G$26,"Fail") -> 0 | I6: % Complete | J6: =IF($D$6=0,0,($F$6+COUNTIF($G$8:$G$26,"N/A"))/$D$6) -> 0
A7: # | B7: Checklist Item | C7: Req'd | D7: Rec'd | E7: Prepped | F7: Installed | G7: Result | H7: Date | I7: Inspected By | J7: Photo Ref | K7: Comments / Corrective Action
A8: 1 | B8: Approved colour schedule and samples on site
A9: 2 | B9: Mock-up / sample area approved before production
A10: 3 | B10: Product, sheen and system match approved submittal
A11: 4 | B11: Substrate clean, dry, sound and within moisture limits
A12: 5 | B12: Surface preparation per manufacturer requirements
A13: 6 | B13: Ambient and surface temperature and humidity within limits
A14: 7 | B14: Ventilation adequate during application and cure
A15: 8 | B15: Adjacent surfaces and finishes masked and protected
A16: 9 | B16: Primer type correct for each substrate
A17: 10 | B17: Number of coats per spec applied and recorded
A18: 11 | B18: Dry film thickness / coverage rate verified
A19: 12 | B19: Wet-area and high-humidity coatings correct type
... A26: 19 | B26: Attic stock and colour records provided to Owner
A28: Q-TEAM SIGN-OFF — All Fail items must be closed via the NCR Log before this checklist is signed. File in Procore.
A29: Superintendent (Affect Build) | D29: Trade Foreman | G29: Architect / Owner's Rep | J29: Date

Sheet Electrical
A1: SAUNALOUNGE — QUALITY CONTROL CHECKLIST: ELECTRICAL
A2: PROJECT | C2: JOB NUMBER | E2: DOB JOB NUMBER | G2: CSI CODE | I2: DFOW REF | J2: DFOW RISK TIER
A3: SaunaLounge — 45 South 3rd Street, Ground Floor, Brooklyn NY 11249 | G3: 26 00 00 | I3: D-05 | J3: Tier 4
A4: LOCATION / ZONE | C4: SUBCONTRACTOR | E4: FOREMAN | G4: PHASE OF CONTROL | I4: INSPECTED BY | J4: INSPECTION DATE
A5: Whole premises — Zone A & Zone B (pool room)
A6: CHECKLIST STATUS | C6: Items | D6: =COUNTA($B$8:$B$32) -> 25 | E6: Pass | F6: =COUNTIF($G$8:$G$32,"Pass") -> 0 | G6: Fail | H6: =COUNTIF($G$8:$G$32,"Fail") -> 0 | I6: % Complete | J6: =IF($D$6=0,0,($F$6+COUNTIF($G$8:$G$32,"N/A"))/$D$6) -> 0
A7: # | B7: Checklist Item | C7: Req'd | D7: Rec'd | E7: Prepped | F7: Installed | G7: Result | H7: Date | I7: Inspected By | J7: Photo Ref | K7: Comments / Corrective Action
A8: 1 | B8: Approved shop drawings, panel schedules and submittals on site
A9: 2 | B9: Equipment matches approved submittal (SWBD-1, MP-1, KP-1, LP-1, RP-1)
A10: 3 | B10: Working clearances at panels per NEC and code
A11: 4 | B11: Conduit routing coordinated; no conflicts with other trades
A12: 5 | B12: Conduit supports and spacing per code
A13: 6 | B13: Box type, size and fill compliant; wet-location boxes where required
A14: 7 | B14: Pre-cover inspection of rough-in signed off (HOLD POINT)
A15: 8 | B15: Wire type, size and colour code per spec and NEC
A16: 9 | B16: Grounding and bonding continuity tested and recorded
A17: 10 | B17: Insulation resistance (megger) test complete before energisation
A18: 11 | B18: Breaker sizes and settings match panel schedule
A19: 12 | B19: Panel and circuit labelling complete and accurate
... A32: 25 | B32: As-built panel schedules and O&M turned over
A34: Q-TEAM SIGN-OFF — All Fail items must be closed via the NCR Log before this checklist is signed. File in Procore.
A35: Superintendent (Affect Build) | D35: Trade Foreman | G35: Architect / Owner's Rep | J35: Date

Sheet Plumbing
A1: SAUNALOUNGE — QUALITY CONTROL CHECKLIST: PLUMBING
A2: PROJECT | C2: JOB NUMBER | E2: DOB JOB NUMBER | G2: CSI CODE | I2: DFOW REF | J2: DFOW RISK TIER
A3: SaunaLounge — 45 South 3rd Street, Ground Floor, Brooklyn NY 11249 | G3: 22 00 00 | I3: D-06 / D-13 | J3: Tier 4
A4: LOCATION / ZONE | C4: SUBCONTRACTOR | E4: FOREMAN | G4: PHASE OF CONTROL | I4: INSPECTED BY | J4: INSPECTION DATE
A5: Whole premises
A6: CHECKLIST STATUS | C6: Items | D6: =COUNTA($B$8:$B$33) -> 26 | E6: Pass | F6: =COUNTIF($G$8:$G$33,"Pass") -> 0 | G6: Fail | H6: =COUNTIF($G$8:$G$33,"Fail") -> 0 | I6: % Complete | J6: =IF($D$6=0,0,($F$6+COUNTIF($G$8:$G$33,"N/A"))/$D$6) -> 0
A7: # | B7: Checklist Item | C7: Req'd | D7: Rec'd | E7: Prepped | F7: Installed | G7: Result | H7: Date | I7: Inspected By | J7: Photo Ref | K7: Comments / Corrective Action
A8: 1 | B8: Approved submittals for fixtures, valves and equipment on site
A9: 2 | B9: Material type and rating per spec (CW, HW, waste, vent, gas)
A10: 3 | B10: Pipe supports, hangers and spacing per code
A11: 4 | B11: Sleeves and firestopping at all rated penetrations
A12: 5 | B12: Insulation type and thickness per spec; vapour barrier continuous
A13: 6 | B13: Slope of waste and vent lines verified
A14: 7 | B14: Cleanouts located and accessible
A15: 8 | B15: Backflow prevention device installed per DEP requirements
A16: 9 | B16: Hydrostatic / air test on domestic water complete and recorded
A17: 10 | B17: Waste and vent test complete and recorded
A18: 11 | B18: DOB plumbing rough inspection passed (HOLD POINT before cover)
A19: 12 | B19: Gas piping material, sizing and support per code
... A33: 26 | B33: As-builts, O&M manuals and warranties turned over
A35: Q-TEAM SIGN-OFF — All Fail items must be closed via the NCR Log before this checklist is signed. File in Procore.
A36: Superintendent (Affect Build) | D36: Trade Foreman | G36: Architect / Owner's Rep | J36: Date

Sheet HVAC & Ductwork
A1: SAUNALOUNGE — QUALITY CONTROL CHECKLIST: HVAC & DUCTWORK
A2: PROJECT | C2: JOB NUMBER | E2: DOB JOB NUMBER | G2: CSI CODE | I2: DFOW REF | J2: DFOW RISK TIER
A3: SaunaLounge — 45 South 3rd Street, Ground Floor, Brooklyn NY 11249 | G3: 23 00 00 | I3: D-10 / D-11 | J3: Tier 3
A4: LOCATION / ZONE | C4: SUBCONTRACTOR | E4: FOREMAN | G4: PHASE OF CONTROL | I4: INSPECTED BY | J4: INSPECTION DATE
A5: Roof / Zones A & B
A6: CHECKLIST STATUS | C6: Items | D6: =COUNTA($B$8:$B$33) -> 26 | E6: Pass | F6: =COUNTIF($G$8:$G$33,"Pass") -> 0 | G6: Fail | H6: =COUNTIF($G$8:$G$33,"Fail") -> 0 | I6: % Complete | J6: =IF($D$6=0,0,($F$6+COUNTIF($G$8:$G$33,"N/A"))/$D$6) -> 0
A7: # | B7: Checklist Item | C7: Req'd | D7: Rec'd | E7: Prepped | F7: Installed | G7: Result | H7: Date | I7: Inspected By | J7: Photo Ref | K7: Comments / Corrective Action
A8: 1 | B8: Approved submittals and coordination drawings on site
A9: 2 | B9: Equipment matches approved submittal and Exhibit C early release
A10: 3 | B10: Roof curbs, supports and flashing complete and water tested
A11: 4 | B11: Vibration isolation and seismic restraints installed per detail
A12: 5 | B12: Clearances for service and code access maintained
A13: 6 | B13: Ductwork gauge, reinforcement and sealing class per SMACNA
A14: 7 | B14: Duct hangers and supports per SMACNA spacing
A15: 8 | B15: Duct insulation type and thickness per spec, vapour barrier continuous
A16: 9 | B16: Duct pressure / leakage test complete before close-up (HOLD POINT)
A17: 10 | B17: Fire and smoke dampers installed with correct sleeves and access
A18: 11 | B18: Damper closure on fire alarm interface tested
A19: 12 | B19: Refrigerant piping pressure and vacuum test complete before charge
... A33: 26 | B33: O&M manuals, warranties and training delivered
A35: Q-TEAM SIGN-OFF — All Fail items must be closed via the NCR Log before this checklist is signed. File in Procore.
A36: Superintendent (Affect Build) | D36: Trade Foreman | G36: Architect / Owner's Rep | J36: Date

Sheet Fire Sprinkler
A1: SAUNALOUNGE — QUALITY CONTROL CHECKLIST: FIRE SPRINKLER
A2: PROJECT | C2: JOB NUMBER | E2: DOB JOB NUMBER | G2: CSI CODE | I2: DFOW REF | J2: DFOW RISK TIER
A3: SaunaLounge — 45 South 3rd Street, Ground Floor, Brooklyn NY 11249 | G3: 21 13 00 | I3: D-04 | J3: Tier 4
A4: LOCATION / ZONE | C4: SUBCONTRACTOR | E4: FOREMAN | G4: PHASE OF CONTROL | I4: INSPECTED BY | J4: INSPECTION DATE
A5: Whole premises — 87 new heads
A6: CHECKLIST STATUS | C6: Items | D6: =COUNTA($B$8:$B$31) -> 24 | E6: Pass | F6: =COUNTIF($G$8:$G$31,"Pass") -> 0 | G6: Fail | H6: =COUNTIF($G$8:$G$31,"Fail") -> 0 | I6: % Complete | J6: =IF($D$6=0,0,($F$6+COUNTIF($G$8:$G$31,"N/A"))/$D$6) -> 0
A7: # | B7: Checklist Item | C7: Req'd | D7: Rec'd | E7: Prepped | F7: Installed | G7: Result | H7: Date | I7: Inspected By | J7: Photo Ref | K7: Comments / Corrective Action
A8: 1 | B8: Approved shop drawings and hydraulic calculations on site
A9: 2 | B9: Head type, temperature rating and finish per approved submittal
A10: 3 | B10: 87 new heads accounted for: concealed, recessed, upright, dry pendent
A11: 4 | B11: Dry pendent heads used in all non-heated / freeze-risk locations
A12: 5 | B12: Pipe material, fittings and listings per NFPA 13 and spec
A13: 6 | B13: Hangers, seismic bracing and spacing per NFPA 13
A14: 7 | B14: Head spacing, distance to walls and obstruction rules verified
A15: 8 | B15: Coverage verified against final RCP and partition layout
A16: 9 | B16: Sprinkler escutcheons and coverplates centred in ceiling tile
A17: 10 | B17: Clearance to obstructions (ducts, lights, soffits, barrel vault) verified
A18: 11 | B18: Sleeves and firestopping at all rated penetrations
A19: 12 | B19: Inspector's test connection and drain provided and accessible
... A31: 24 | B31: As-builts, O&M and warranty turned over
A33: Q-TEAM SIGN-OFF — All Fail items must be closed via the NCR Log before this checklist is signed. File in Procore.
A34: Superintendent (Affect Build) | D34: Trade Foreman | G34: Architect / Owner's Rep | J34: Date

Sheet Fire Alarm
A1: SAUNALOUNGE — QUALITY CONTROL CHECKLIST: FIRE ALARM
A2: PROJECT | C2: JOB NUMBER | E2: DOB JOB NUMBER | G2: CSI CODE | I2: DFOW REF | J2: DFOW RISK TIER
A3: SaunaLounge — 45 South 3rd Street, Ground Floor, Brooklyn NY 11249 | G3: 28 31 00 | I3: D-03 | J3: Tier 4
A4: LOCATION / ZONE | C4: SUBCONTRACTOR | E4: FOREMAN | G4: PHASE OF CONTROL | I4: INSPECTED BY | J4: INSPECTION DATE
A5: Whole premises — FACP / RAN
A6: CHECKLIST STATUS | C6: Items | D6: =COUNTA($B$8:$B$35) -> 28 | E6: Pass | F6: =COUNTIF($G$8:$G$35,"Pass") -> 0 | G6: Fail | H6: =COUNTIF($G$8:$G$35,"Fail") -> 0 | I6: % Complete | J6: =IF($D$6=0,0,($F$6+COUNTIF($G$8:$G$35,"N/A"))/$D$6) -> 0
A7: # | B7: Checklist Item | C7: Req'd | D7: Rec'd | E7: Prepped | F7: Installed | G7: Result | H7: Date | I7: Inspected By | J7: Photo Ref | K7: Comments / Corrective Action
A8: 1 | B8: Approved shop drawings, riser diagram and device layout on site
A9: 2 | B9: FDNY / DOB drawing approval obtained before installation
A10: 3 | B10: Device type and model match approved submittal
A11: 4 | B11: FACP and RAN locations per approved drawings and accessible
A12: 5 | B12: Battery calculations and standby capacity verified
A13: 6 | B13: Conduit, wiring type and class per NFPA 72 and spec
A14: 7 | B14: Wiring segregated from power circuits per code
A15: 8 | B15: Pre-cover inspection of rough-in signed off (HOLD POINT)
A16: 9 | B16: Device mounting heights per NFPA 72 and ADA
A17: 10 | B17: Smoke detector spacing and proximity to diffusers verified
A18: 11 | B18: Detectors in pool room / high-humidity areas correct type
A19: 12 | B19: Heat detectors in kitchen and mechanical spaces per design
... A35: 28 | B35: Owner training delivered; O&M, as-builts and warranty turned over
A37: Q-TEAM SIGN-OFF — All Fail items must be closed via the NCR Log before this checklist is signed. File in Procore.
A38: Superintendent (Affect Build) | D38: Trade Foreman | G38: Architect / Owner's Rep | J38: Date
